"time","GEN","TEM","STRUCT"
0,1,1,1
1.22996431936939,1,1,486
2.2436021148124,1,1,496
3.24640712092212,1,1,508
4.22374218512576,3,1,524
5.21521762154663,5,1,484
6.23154768963947,6,1,511
7.23144496173318,6,1,535
9.1024452849405,6,1,426
10.1316123979715,10,1,524
11.1197224358371,12,1,502
13.4512608900589,12,1,135
14.4983150323815,13,2,584
15.0635371425452,15,2,880
15.583321832362,15,2,938
16.0917877406838,17,2,1004
16.4530342468963,15,4,1358
16.7385349852495,16,4,1677
17.007927296533,18,4,1823
17.2626061560632,19,4,1884
17.5144884680178,20,4,1933
17.769601659466,21,4,1928
18.0573153248578,22,3,1832
18.3620319806021,23,3,1685
18.6777184406782,23,3,1587
19.0030406072996,23,3,1521
19.3332236940328,25,3,1561
19.6509623313865,25,4,1601
19.9242508542681,25,4,1756
20.1933599690735,26,4,1875
20.4387218277366,29,4,1944
20.6918238988756,33,4,2016
20.9415991002881,33,4,2046
21.1977696387472,32,4,1976
21.4504230855597,34,4,2006
21.6942320237132,35,4,2013
21.9769686090272,35,3,1850
22.2481224398097,35,4,1894
22.4758270956674,35,5,2138
22.6817022000598,35,5,2297
22.8910475668944,35,5,2327
23.0873811418693,36,6,2448
23.2810213392611,37,5,2584
23.5045373314273,38,4,2324
23.7523850391002,38,4,2158
24.0075742700375,40,3,2001
24.2864082630909,41,4,1848
24.5489884922626,44,4,1917
24.7999367762723,46,4,1997
25.0666736720405,46,3,1904
25.3672909392066,48,3,1760
25.6339506223387,48,4,1778
25.8696340092875,48,5,1982
26.0891048327215,48,5,2230
26.3177360101676,49,3,2251
26.6379433763181,49,2,1648
27.0518957726056,49,3,1264
27.3952055326497,49,3,1404
27.7208181405237,50,3,1521
28.0629984594069,54,3,1539
28.3868462424045,55,3,1554
28.7138221501246,56,3,1595
29.0392689201319,57,4,1574
29.3069426321715,58,4,1777
29.5923493350052,58,3,1788
29.8805340208567,57,6,1785
30.0840322995907,57,7,2252
30.2501286905423,57,7,2594
30.4048808860288,57,6,2902
30.5709221521136,59,6,2924
30.7300992745509,59,7,2966
30.8806642971576,60,7,3133
31.0260807041686,59,9,3234
31.1503628629942,58,10,3585
31.2663718081764,60,10,3831
31.3776480241206,64,10,4037
31.4850167556466,64,9,4233
31.6030195255522,65,9,4376
31.7135545553474,68,9,4429
31.8244908313402,68,10,4472
31.9304580979607,70,9,4615
32.0406799773023,70,8,4524
32.1629150990471,70,8,4430
32.2800450644944,70,8,4378
32.399461552032,72,8,4396
32.5160295831629,72,8,4234
32.6413540697591,72,8,4194
32.7665171168336,73,8,4122
32.8895889310496,74,8,4111
33.0120538149535,74,8,4075
33.1355872483262,74,8,4005
33.2647497145573,74,7,4036
33.4000143309611,74,7,3962
33.532625375493,75,7,3807
33.6738104659111,75,7,3749
33.807679060623,76,7,3644
33.9485514078656,76,7,3576
34.0942107516634,77,7,3569
34.234812149023,77,6,3550
34.3851222731218,77,6,3420
34.538660755092,77,6,3316
34.6967781888922,77,6,3242
34.8544466582234,77,7,3186
34.9936278806692,77,8,3410
35.1288059105656,78,8,3507
35.2716627135225,77,6,3569
35.4308250787299,78,6,3376
35.5898516843751,78,6,3291
35.7456221709635,78,6,3175
35.8986506001815,76,8,3201
36.0371962811417,77,8,3460
36.1694002911553,81,8,3570
36.3012768512281,83,8,3680
36.4292474853303,86,8,3805
36.5556692499404,87,8,3832
36.6853210623755,88,8,3871
36.8138216561117,90,8,3919
36.9443882854457,93,7,3843
37.0803373057066,93,7,3742
37.2196245010667,94,7,3663
37.3572915221146,94,8,3575
37.4891403696993,96,8,3719
37.6261937314728,97,7,3722
37.7663519536177,99,7,3665
37.8933521051702,97,10,3884
38.0029991880276,95,11,4087
38.1048287804674,96,11,4306
38.2067114737734,95,11,4546
38.3086380838684,96,11,4765
38.4078380540114,96,10,4752
38.5140318391761,96,10,4758
38.6133464353172,92,11,4857
38.705654797122,91,12,4962
38.7965324043532,92,12,5147
38.8857023521027,92,12,5298
38.9785282562964,93,11,5368
39.0703389833885,93,12,5436
39.1549461477141,95,12,5514
39.2460027515136,97,11,5519
39.3386870995126,99,11,5573
39.4358941318264,100,10,5557
39.528695622163,101,10,5437
39.6264615728855,101,10,5301
39.7319387182737,101,8,5222
39.8440896012439,101,8,5050
39.9485734800013,101,10,4992
40.051998210163,101,10,4972
40.153556690211,103,10,4988
40.2550023929477,105,9,4931
40.3621334663183,105,9,4885
40.4719854890104,106,9,4750
40.5786647646166,105,10,4755
40.6864809638231,105,10,4786
40.7858791747946,104,10,4842
40.8804190193129,101,12,4878
40.9718447265078,101,10,5044
41.0707778214495,101,9,4931
41.1772046821167,102,9,4868
41.2870737654994,102,8,4770
41.4075025154016,103,7,4524
41.5354980228636,102,6,4339
41.6701559716253,103,6,4058
41.8055065918876,102,7,3887
41.9456888400222,101,7,3731
42.0817968993049,100,7,3685
42.2233311661012,100,7,3606
42.3661293434384,99,7,3566
42.5066542719695,101,7,3592
42.6506599538828,102,7,3509
42.793087718395,103,7,3450
42.9346092355069,106,7,3478
43.0776177463718,111,7,3515
43.2175074678438,112,7,3478
43.3639638882785,115,7,3547
43.5032528919793,116,8,3576
43.6363810773676,115,8,3638
43.7712012988934,119,7,3731
43.9003712108864,117,8,3750
44.0241128016176,115,9,3919
44.1398473663979,117,9,4039
44.2520380443541,117,10,4145
44.3639827389299,116,10,4291
44.4722001880349,115,9,4413
44.5857076832957,115,9,4397
44.6987211389739,115,9,4455
44.8121426600353,114,9,4439
44.9182540620653,113,9,4479
45.0276723301906,114,10,4477
45.142143811114,115,9,4485
45.2528766049257,116,9,4459
45.3661309171751,115,8,4504
45.4835596700407,114,9,4505
45.5928320735119,114,9,4499
45.7021201490257,112,10,4548
45.8057561968536,113,10,4683
45.9155768502089,114,9,4667
46.0283898860604,115,9,4684
46.1328715129931,115,10,4684
46.2346781793681,115,11,4850
46.3331148194495,116,11,4953
46.4317112631894,118,11,5065
46.5252058109691,119,10,5160
46.6262591501426,117,10,5146
46.7269345396906,116,10,5080
46.8253021706123,116,10,5017
46.9249013576062,114,10,5019
47.0265914217434,115,10,4994
47.1255136854271,114,10,5032
47.2253416162757,115,9,4960
47.3321874014585,117,9,4886
47.4380898561569,116,10,4909
47.5414448259096,117,10,4946
47.6449290466466,118,10,4991
47.7518178198832,117,9,4947
47.856336144857,118,9,4926
47.9654862467691,118,9,4919
48.0680115320937,117,10,4934
48.1656180937798,118,11,4955
48.2678893250551,117,9,4905
48.3752349931786,117,9,4879
48.4814612181212,116,10,4918
48.5862059538817,117,9,4920
48.6894026074204,116,9,4835
48.7918669577909,116,9,4866
48.8896823669496,115,11,4931
48.9891670072233,114,10,5006
49.0887575923508,115,10,5081
49.189201732331,115,10,5088
49.2869558429843,115,11,5160
49.380288487575,114,10,5160
49.4785343181633,117,10,5111
49.5794219906332,120,10,5062
49.6795098191457,122,10,5079
49.7814562984504,123,8,4882
49.9001960591164,125,8,4723
50.0140395517388,125,8,4646
50.1291017278402,126,8,4483
50.2531454025439,126,8,4341
50.3702243165795,126,8,4291
50.4939192501067,124,8,4271
50.6165249721657,124,8,4264
50.7413421335192,125,8,4199
50.8604878995178,125,9,4229
50.971642484132,124,9,4258
51.0872217219158,128,9,4296
51.2002927048035,128,9,4264
51.3111710526952,128,9,4284
51.4290620631758,128,9,4386
51.5349964752559,131,9,4463
51.6483527179039,131,9,4445
51.7584467333369,131,10,4509
51.863654464738,130,10,4645
51.9788815894198,130,8,4583
52.0921433553093,129,8,4435
52.2052663779464,130,10,4492
52.308896461136,130,10,4683
52.4108376445122,130,10,4721
52.5139280057941,130,10,4783
52.6147549385319,131,10,4875
52.7174315843929,133,10,4891
52.8173582532142,132,10,4943
52.9178917659248,132,10,4891
53.0175234296556,134,9,4860
53.1210245707813,134,10,4838
53.2236532880436,134,10,4861
53.3270791073285,134,10,4903
53.4245132325518,132,10,4915
53.5233724385333,132,10,4871
53.6257570558755,130,11,4857
53.7250410619491,130,11,4983
53.8144861842913,130,12,5091
53.9039780477904,129,13,5308
53.9869721970473,128,14,5547
54.06734696497,126,14,5745
54.1465954014814,126,14,5969
54.2225983479596,126,13,6159
54.3064251973939,126,11,6025
54.3902265479689,124,13,6069
54.4682766214813,124,14,6216
54.538499587097,124,14,6258
54.6174207993686,125,14,6417
54.6920147680211,125,14,6487
54.7681137342841,127,14,6573
54.8428971244365,126,14,6543
54.9154341082884,125,13,6570
54.9915703780335,126,12,6572
55.0759069714582,126,12,6485
55.157063175585,126,12,6379
55.2394296683415,128,12,6383
55.3204393019085,128,12,6303
55.4024638782103,128,12,6244
55.4817041898481,128,12,6232
55.5605823285781,130,11,6155
55.6467178514382,131,11,6052
55.7326141403493,131,11,5985
55.8228720548346,135,11,5917
55.910189112628,137,11,5879
55.9933317294696,136,12,5888
56.0769319315311,136,13,5949
56.1538185705641,136,14,6090
56.2287581778231,137,13,6272
56.3108707024547,138,13,6407
56.3883085602438,136,13,6403
56.4664986387248,138,13,6479
56.5413482391366,139,14,6523
56.615965533422,140,14,6552
56.6873554871882,140,15,6652
56.759077225714,139,15,6828
56.8321133556279,140,14,6891
56.8990124999472,138,16,6968
56.96553099029,138,15,7075
57.0339231435324,137,16,7151
57.1017307177656,137,15,7232
57.17012356769,137,15,7243
57.2358829206481,138,15,7221
57.3027678499159,139,16,7342
57.3663926792717,140,16,7453
57.4325589016355,139,16,7458
57.4986703331105,141,15,7450
57.5657713155627,144,15,7497
57.6322052828465,143,15,7489
57.7010697530806,144,15,7496
57.7642823786288,146,16,7529
57.8302848721707,146,15,7541
57.8944276071757,145,17,7622
57.9568809088222,144,16,7813
58.023120172919,145,14,7820
58.0907693039655,146,14,7659
58.1605832675149,148,14,7545
58.2286491031351,147,14,7491
58.298136627908,147,14,7397
58.3692161861398,150,14,7271
58.4375091649176,148,15,7320
58.5070975290847,150,15,7334
58.5719034899383,154,15,7350
58.6426625870983,155,14,7335
58.7134901018996,155,14,7281
58.7827681752461,156,14,7244
58.8526994201713,155,14,7129
58.9258940779298,156,12,7078
59.0027398126431,156,13,6934
59.074119017444,156,13,6910
59.1491738702859,157,13,6843
59.223330326052,156,13,6789
59.2999950111556,157,13,6820
59.3701143654351,157,14,6814
59.4431164862054,159,14,6808
59.5194333357858,158,13,6813
59.597333491484,157,12,6722
59.6788965587317,159,12,6614
59.7630692061129,161,11,6441
59.8511248840519,162,10,6215
59.9419051898039,160,10,5992
60.0325923032324,159,10,5810
60.1252873123783,161,10,5670
60.2209958388761,162,10,5587
60.3185793244316,160,10,5479
60.4150140777909,161,9,5364
60.5132726119508,161,9,5134
60.6164619710646,161,9,5018
60.7268323399973,162,8,4880
60.8361434213814,162,8,4736
60.9524005648382,160,8,4638
61.068976316684,161,8,4497
61.1872763247204,159,8,4389
61.2995184469795,161,9,4417
61.4121084614059,163,9,4436
61.5256706840327,165,9,4402
61.6378769253598,166,9,4463
61.7481250949834,167,9,4486
61.8620568012962,167,10,4493
61.9739706210118,163,10,4531
62.0806457724321,165,10,4707
62.1829954244518,166,9,4771
62.2884298818271,165,10,4736
62.3879856746533,165,9,4755
62.4988606686688,165,9,4721
62.6111495387453,166,9,4719
62.7190492860687,167,9,4694
62.8271220815001,168,9,4678
62.9414242470743,169,7,4553
63.0680483713859,168,7,4303
63.1954982526952,168,7,4075
63.3308021454488,169,7,4028
63.4476847852776,166,9,4078
63.567278095949,166,8,4117
63.6970566750947,166,7,4000
63.8264446855256,166,8,3968
63.9509508880119,167,8,3984
64.075784038671,165,8,3978
64.1980653616528,166,8,3999
64.3233594362628,168,8,4005
64.454377519976,168,7,3859
64.5896610699001,170,7,3825
64.7270341163857,170,7,3735
64.8671017261112,169,7,3664
65.0083127443344,170,7,3633
65.1362614534569,167,9,3715
65.2525664401935,167,10,4015
65.3617544145629,167,10,4206
65.4674095333491,167,10,4398
65.5711717922432,169,10,4528
65.678277269183,168,11,4582
65.7771308157588,169,11,4737
65.872031707397,168,11,4883
65.9625846014415,166,12,5006
66.0509544698515,166,12,5182
66.1392349543951,165,12,5386
66.224498005782,166,13,5507
66.3061458342769,169,12,5663
66.3928174954592,170,12,5802
66.4828016675818,170,11,5811
66.5699687886077,170,11,5771
66.6585461223563,171,11,5823
66.7469894873243,172,11,5839
66.8336251426781,171,11,5771
66.9227351759054,169,12,5780
67.0072672748442,169,12,5836
67.0922521791394,169,11,5906
67.1832249910488,169,11,5834
67.2738513541237,167,11,5765
67.3626016081283,166,11,5767
67.4521613467802,165,11,5689
67.5413011709728,164,12,5667
67.6257371150406,165,12,5742
67.7128372008497,165,12,5742
67.8012737264079,163,12,5850
67.8854377931328,163,12,5819
67.9700403114577,166,12,5796
68.0554423402711,166,12,5794
68.142416580713,165,13,5748
68.2221847776381,165,13,5906
68.3007391555893,165,13,5992
68.3824281394281,165,13,6040
68.459687946803,167,13,6150
68.5363945473058,166,14,6222
68.614762809323,166,14,6338
68.6887595498518,167,14,6443
68.7620306323204,167,14,6548
68.8381715481041,168,13,6588
68.9152755219722,168,12,6537
68.9954865072802,168,12,6405
69.0721111672301,165,13,6478
69.1491395942048,165,13,6446
69.2285103714987,167,12,6428
69.3110929243437,167,11,6312
69.3988403026523,169,11,6201
69.4839425905754,169,11,6095
69.5708066174688,173,11,6009
69.6610926516269,173,11,5915
69.7451708494917,173,13,5911
69.8258958916264,174,13,5995
69.903318034045,173,14,6104
69.9797504905798,173,14,6224
70.0567941090361,173,14,6308
70.1331988000751,173,14,6493
70.2074284413853,174,14,6638
70.2799886965329,174,13,6737
70.3516447688868,173,14,6713
70.4228400969363,173,13,6766
70.4975842524955,172,13,6739
70.5741703009573,173,13,6790
70.6512878425006,175,13,6724
70.7238996382859,175,13,6694
70.7995362237161,172,14,6639
70.8738620089711,173,14,6760
70.947701698528,172,14,6888
71.0200492262846,174,14,6892
71.0921843497728,175,14,6849
71.1654420254444,175,13,6777
71.2437054441577,175,12,6738
71.3212984043508,178,11,6574
71.4060188589441,178,11,6415
71.4926710496401,180,11,6303
71.5724985190189,179,12,6280
71.6455662953203,177,14,6382
71.7191172251182,177,13,6488
71.7972734393293,177,13,6533
71.8758988229999,177,14,6563
71.9479213197429,179,15,6649
72.0188862996659,180,15,6806
72.0899542538655,178,16,6878
72.1596584289681,179,15,7026
72.2292435902769,178,15,7030
72.2956646707843,179,15,7071
72.3645017303162,176,16,7090
72.4336097542972,173,17,7174
72.4965596676548,173,18,7364
72.5581531963154,172,16,7517
72.6207984497123,171,17,7571
72.6833737285378,172,17,7660
72.7448062245212,172,17,7751
72.8056432337705,174,17,7871
72.8633972588929,173,18,7973
72.9246410202055,175,18,8095
72.9781574314483,172,19,8174
73.0317234899172,172,19,8347
73.0884172775889,170,19,8464
73.1455735361445,170,19,8552
73.2000944975668,169,20,8713
73.2525386704334,170,20,8829
73.3049504146868,170,20,8941
73.3586652849401,169,19,9026
73.4129397189116,168,20,9119
73.4640214257801,169,20,9232
73.5146485793934,170,20,9262
73.5672406868,172,20,9350
73.62133546634,173,19,9373
73.6755121574595,174,18,9458
73.7295377409264,172,19,9399
73.7838227089408,170,19,9393
73.836244745537,173,19,9421
73.8894739613852,172,19,9411
73.9421553712332,171,20,9459
73.9938801078974,172,20,9473
74.0432034519042,170,20,9549
74.0941003272401,170,20,9596
74.1443327978304,170,20,9722
74.1966473429648,172,20,9794
74.2491574826973,172,19,9785
74.3006900873515,171,19,9778
74.3524254907106,173,18,9821
74.4058690210468,172,19,9754
74.4571874770185,175,19,9703
74.5110964698509,176,19,9622
74.5627135578659,175,19,9618
74.6129985620672,177,19,9578
74.6663909101721,179,19,9596
74.7193908202871,180,19,9597
74.7703469434137,182,19,9603
74.8252695449193,182,19,9571
74.8769830253049,182,18,9636
74.9311834205288,181,18,9632
74.9863619043501,181,17,9521
75.0416192161927,182,18,9482
75.0954024865272,183,18,9465
75.1491896189254,183,19,9439
75.2013878817436,185,19,9441
75.2545137664165,185,18,9418
75.311094840853,184,19,9388
75.3618085636981,185,19,9466
75.4141433318201,185,18,9490
75.4691046091554,184,18,9430
75.5236971920031,184,18,9420
75.5789117029603,184,19,9312
75.6329806204143,184,19,9320
75.6863236514726,184,19,9376
75.7407861102069,183,18,9303
75.7916731837962,182,19,9292
75.8424386909535,184,19,9323
75.8933475380182,183,21,9464
75.9431774703381,184,21,9499
75.9940646507934,185,21,9682
76.044191197992,188,19,9751
76.0963308251129,189,19,9722
76.1492018429523,189,19,9698
76.2016413445814,188,20,9710
76.2513812752071,188,20,9713
76.3016856765003,189,20,9744
76.3533154458466,189,20,9733
76.4033093780644,188,21,9752
76.4533671226392,188,21,9876
76.5021523351139,190,21,9894
76.5508935301389,187,22,10019
76.5987457709772,186,21,10032
76.6466324137255,186,20,10047
76.6968791907588,184,20,9979
76.746692274368,182,20,9966
76.7981595855022,183,19,9988
76.8500031791217,181,19,9912
76.9011064416554,181,19,9917
76.9531266156794,182,20,9916
77.0027423298125,183,19,9920
77.0530204790737,182,19,9924
77.1049396738041,182,19,9876
77.1545303815051,182,18,9841
77.2100509538262,182,18,9702
77.2621088713128,184,18,9619
77.3154173034878,185,19,9566
77.3691714496881,183,19,9452
77.4212467169676,181,19,9514
77.4720312083155,181,20,9598
77.5215182170633,180,21,9685
77.5713976318788,181,22,9830
77.6204385816599,182,21,9896
77.6697699944054,182,21,9952
77.7184114781937,181,21,9998
77.7663163811253,182,20,9994
77.8141896159503,182,20,10019
77.8648673546931,183,19,10013
77.9172301428305,182,20,10028
77.9669561736944,181,20,10022
78.017706904715,181,20,10060
78.0683500539464,182,20,10066
78.118617290129,184,20,10034
78.1693408081067,184,20,10004
78.2169318234282,183,21,9982
78.2654530809116,183,21,10070
78.316604690443,182,21,10089
78.3619312725159,181,22,10127
78.4097244320592,182,22,10154
78.458008712945,182,22,10275
78.5046112039311,185,22,10315
78.5525347511334,184,22,10416
78.6010819834142,184,22,10452
78.6469943396178,184,21,10512
78.6942863047315,184,21,10522
78.7411715388782,183,21,10560
78.7876829605331,183,21,10536
78.8347495156966,183,22,10571
78.881457026587,183,23,10597
78.9250514325586,184,24,10652
78.9688820184113,185,24,10793
79.0121039961062,183,24,10929
79.0561475230819,185,25,11001
79.0997794146677,185,24,11119
79.1434909060828,184,24,11153
79.184780949925,186,24,11221
79.2270669197173,186,24,11266
79.2703438294628,187,24,11338
79.3137152894127,187,24,11373
79.3560153750813,188,24,11442
79.3986150934364,189,24,11493
79.4398541295803,190,24,11582
79.481027604389,191,24,11611
79.5235296327774,193,24,11645
79.565765355776,193,23,11716
79.609907826355,193,23,11680
79.6543763782787,192,23,11708
79.6972006312189,194,24,11804
79.7388227878662,194,24,11814
79.7815808676153,194,23,11716
79.8252142157128,194,23,11736
79.8689615167686,194,23,11691
79.9116805146621,193,23,11725
79.9539947998288,191,25,11731
79.9970490478234,191,25,11807
80.0387818632732,191,24,11807
80.0810014884672,193,24,11853
80.1242275938497,192,24,11812
80.1656357127787,192,25,11910
80.2054765019609,192,25,11930
80.2465959585766,191,24,11910
80.2891490901741,189,24,11906
80.3312505871869,189,23,11899
80.3745136223364,189,23,11837
80.4181843521924,189,23,11835
80.4605626460746,189,23,11855
80.5029326388742,190,23,11785
80.5442023147704,190,24,11755
80.5855122272092,189,24,11767
80.6263162513971,190,25,11846
80.6673255188868,187,25,11920
80.7078722451079,190,25,12011
80.7485459513705,190,25,11950
80.7885659658815,189,25,11942
80.8283948421479,190,25,12111
80.8694219967425,189,25,12136
80.9093271672452,191,25,12184
80.949314934992,190,25,12205
80.9891487490443,190,25,12285
81.02884516278,188,25,12370
81.0702013787261,188,25,12431
81.1109992807843,191,24,12457
81.1517410996684,190,24,12439
81.1901292688499,193,25,12468
81.2305183233429,193,25,12461
81.2703165901538,192,25,12496
81.3106861068503,193,24,12472
81.3504017547902,193,25,12568
81.3908774249246,191,25,12558
81.431358336363,191,25,12570
81.4719651160832,192,25,12594
81.5117002998338,191,25,12648
81.5510739402919,192,25,12619
81.5901762053555,193,25,12582
81.6296238730632,190,25,12614
81.6693832824522,192,25,12620
81.7095448809272,192,25,12684
81.7488271888267,192,25,12657
81.7895024477025,192,25,12668
81.8289079219825,192,25,12626
81.8684085279,191,25,12636
81.9087452156243,189,26,12615
81.9458345147366,188,27,12676
81.9842028485184,186,27,12749
82.0236681926337,186,26,12802
82.0624485419979,187,26,12850
82.1004881012454,188,26,12845
82.1400951520303,187,26,12891
82.1774693227011,187,26,12879
82.2169158675275,188,25,12841
82.2575003079945,187,25,12911
82.295903034486,187,25,12774
82.3362059074221,186,26,12775
82.3750473728791,186,26,12780
82.4137014118845,186,26,12799
82.4511519900013,185,26,12802
82.4879320289186,186,26,12821
82.5259365881517,186,26,12842
82.5651740611654,187,26,12837
82.6037512388227,187,26,12839
82.6412724721173,187,26,12885
82.6796815205127,186,26,12869
82.7180327036864,185,26,12913
82.7569715326641,185,26,12941
82.795635019317,184,27,12897
82.8336238815947,185,27,12948
82.8715073126499,185,27,12961
82.913115780724,184,25,13042
82.9519451505773,184,25,12945
82.9912311214985,184,25,12949
83.0308239868159,182,26,12959
83.0687868869955,181,27,12952
83.1056124921426,181,27,13061
83.1439358290925,181,27,13143
83.180669705772,184,28,13166
83.2173507839591,186,28,13226
83.2532866548443,186,28,13240
83.2898196518513,187,27,13256
83.3282605513364,186,28,13255
83.3658838636635,186,27,13319
83.4017620330905,186,27,13335
83.4394366301123,186,26,13349
83.4773551865424,188,26,13347
83.5161020626497,187,26,13349
83.5549682290675,186,26,13315
83.5930565471221,187,26,13316
83.6321087281794,186,25,13265
83.6716665833131,184,22,13152
83.7142240907685,183,22,13045
83.7587021951615,185,22,12875
83.7999196176118,185,23,12795
83.8419037110253,184,23,12651
83.8832832590987,185,23,12460
83.9259797163573,183,24,12377
83.9672464533741,183,23,12267
84.0102954826613,183,23,12237
84.0527294138702,180,23,12155
84.0948471577554,181,23,12082
84.1365086636164,181,24,12072
84.178162643143,182,25,12135
84.2185218953076,182,25,12179
84.2583926757021,182,25,12187
84.2974722218324,185,25,12192
84.3370597830931,187,25,12180
84.3785125234088,186,25,12194
84.4191917631184,185,25,12251
84.4588000194186,184,25,12323
84.4995036319224,183,26,12360
84.5395046039208,182,25,12410
84.582158805842,181,25,12436
84.6217400478382,181,25,12455
84.6624894112476,181,25,12491
84.7027823241362,181,26,12527
84.7418189436649,181,26,12579
84.7812144802701,181,27,12675
84.8196355974864,182,26,12745
84.8598953470219,181,27,12782
84.896622682767,180,27,12810
84.9346940736077,179,27,12838
84.9727004115048,177,27,12775
85.0102114253184,178,27,12886
85.0488420555154,178,27,12903
85.0865783383476,178,27,12915
85.1253724420786,176,27,12955
85.1630024423894,177,27,12916
85.1999040735291,177,27,13026
85.2381927705626,178,27,13075
85.2786730362305,176,26,13046
85.3167746704756,176,26,13062
85.3560476987521,175,26,13014
85.3954902219774,176,26,12909
85.4358229636702,175,26,12918
85.4757250465358,177,26,12940
85.514274978736,178,26,12923
85.552894624599,176,26,12983
85.5936031889545,177,26,12862
85.6339247516427,180,26,12849
85.673059528577,177,26,12850
85.7117625053992,179,26,12830
85.7508595954511,181,25,12865
85.7918525698292,182,23,12774
85.8320677510002,182,23,12681
85.8739731840196,181,23,12596
85.9159902155326,181,24,12542
85.9580394205567,181,23,12531
85.9990561790297,182,23,12372
86.0413826895093,181,23,12329
86.0829916483187,182,24,12290
86.1235750261184,184,24,12286
86.1636954989441,183,24,12244
86.2037635188257,182,25,12253
86.2454086541089,183,24,12229
86.2845801046519,182,24,12129
86.3254575935813,181,24,12121
86.366263701026,183,25,12159
86.4058914644983,184,25,12162
86.4472021850002,183,25,12223
86.4886430171066,186,24,12235
86.5300330746306,186,24,12203
86.5719577166188,186,24,12235
86.6142606630841,186,24,12292
86.6553443430356,186,24,12325
86.697608681768,186,24,12335
86.7383708495175,186,24,12311
86.7790080606727,186,24,12268
86.8209853106088,183,24,12230
86.862287965703,182,24,12212
86.9040841347567,184,24,12226
86.9453679643589,185,23,12224
86.9867905004925,186,23,12153
87.0287519881658,183,24,12120
87.072379075097,184,24,12143
87.1133968780688,183,23,12154
87.1560656484325,182,23,12100
87.197057168248,181,23,12035
87.2410869081204,182,22,12032
87.2829851444951,182,22,11993
87.3260440333571,182,21,11916
87.3701326566949,182,21,11763
87.4155344256424,184,21,11639
87.4605611162721,184,20,11508
87.5072938004675,183,21,11382
87.5531103787985,184,19,11333
87.6016635559011,182,20,11166
87.6474424309168,183,20,11053
87.6960407493133,183,20,10966
87.7436469722766,184,20,10851
87.7922280879241,184,20,10825
87.8379213587568,183,20,10724
87.8862307723217,182,20,10637
87.9345023989511,180,19,10542
87.984026269133,179,20,10492
88.0340782338323,180,20,10429
88.0820359811301,178,20,10439
88.1326217288862,179,20,10398
88.182233409021,179,20,10343
88.2314020201288,180,20,10312
88.2802833922874,178,20,10304
88.3283445685709,182,20,10332
88.3784388185569,182,19,10245
88.4277938752697,185,19,10134
88.4791602573209,186,18,10070
88.5324240865063,185,17,9986
88.5866566765449,183,17,9734
88.6444287055954,183,16,9568
88.7014554842229,182,17,9427
88.7579306583131,181,17,9418
88.8137157878028,181,17,9384
88.869052327417,181,17,9274
88.9253756225588,182,17,9167
88.9837407632923,181,17,9115
89.0398585625654,182,17,9044
89.0964267936525,182,17,9012
89.1529626872813,182,17,8947
89.2073498539122,184,17,8897
89.2667935844511,185,17,8824
89.3268396384099,186,16,8793
89.3874219649207,186,16,8712
89.4452328945503,186,17,8656
89.5053124699732,186,17,8572
89.563998489118,185,17,8593
89.622008894968,186,17,8508
89.6818135966337,186,16,8419
89.7417116739019,187,16,8400
89.8007318759638,189,16,8356
89.8577674691581,188,18,8400
89.9143931249489,189,18,8423
89.9752138528024,190,16,8351
90.0358744052757,193,16,8272
90.0967094294048,190,17,8225
90.1586488120985,191,17,8240
90.2195891916262,191,17,8304
90.2808963933869,194,17,8303
90.339827014542,193,17,8295
90.40195537769,194,15,8258
90.465113669957,191,14,8111
90.5330764458247,191,12,7944
90.6044460846335,192,12,7649
90.6799826925909,193,11,7351
90.7553022705323,194,12,7136
90.8377657041251,193,11,6871
90.9208295134615,193,10,6613
91.0102025261083,192,11,6339
91.0961160033103,193,12,6260
91.1788494672802,191,12,6222
91.2599098729829,191,13,6212
91.335400488769,189,14,6243
91.4120621096059,189,14,6394
91.4864605819482,188,14,6521
91.5607237807387,188,13,6579
91.6378493882208,188,14,6651
91.7139632242967,187,15,6730
91.7862387227957,186,15,6808
91.8532904041967,187,15,6947
91.9237652369805,187,15,7024
91.9912739643993,186,17,7157
92.0542787469776,186,17,7261
92.1181988112294,187,17,7419
92.1824917409993,187,16,7468
92.2508191101674,187,14,7499
92.3197568904582,188,14,7396
92.3897473175043,189,12,7329
92.466166117076,189,11,7162
92.5472005728653,190,11,6862
92.6341326777884,189,11,6642
92.7158530645174,190,12,6512
92.7956958253318,190,12,6440
92.8740307559157,187,12,6418
92.9542636805254,188,12,6369
93.0319904415312,185,13,6332
93.1124131489974,185,13,6352
93.1906495256787,183,15,6480
93.2619865221408,184,15,6651
93.330930961106,182,16,6779
93.399288758117,183,15,6905
93.4691631271304,184,15,7006
93.5386244135582,185,15,7071
93.6069990611089,187,15,7118
93.6790351589262,186,14,7135
93.7498471908125,187,14,7106
93.820058893625,189,14,7040
93.8892400459301,187,15,7047
93.9592200934477,186,15,7127
94.028383529184,185,13,7107
94.1032649006406,186,13,7008
94.1807435368576,187,13,6901
94.2559965016985,186,13,6889
94.3315152735166,188,13,6869
94.4089908581629,188,13,6797
94.4860790357737,189,13,6744
94.5620294163625,191,13,6756
94.634593104925,191,13,6670
94.7123662781088,191,13,6622
94.7887627222921,190,13,6629
94.8672987615334,192,13,6605
94.9441992419012,195,13,6620
95.0251712207996,195,13,6637
95.1001580593806,195,13,6613
95.1762431905317,194,13,6604
95.2559914610284,196,13,6632
95.3313842046082,196,13,6617
95.4097367745072,197,12,6619
95.4885518746983,196,13,6574
95.5654570581474,197,13,6563
95.642892408197,197,13,6567
95.7199641105978,199,13,6574
95.7981635844523,200,13,6666
95.8720759806748,202,13,6609
95.9459999337491,201,15,6624
96.0158316602775,200,16,6750
96.0893765310044,200,15,6854
96.1582394460635,200,15,6960
96.228716048529,202,15,7016
96.2931222038675,198,16,7091
96.3583780843819,197,17,7251
96.4248313512672,198,16,7355
96.4924953175507,198,16,7398
96.5564743123943,203,17,7491
96.619406999398,204,17,7592
96.6825616483915,206,17,7718
96.7448509891939,205,17,7803
96.8042191741981,207,17,7914
96.8640925225017,208,17,7997
96.9224443137402,208,17,8109
96.9858793485019,209,17,8150
97.0459462642603,209,17,8157
97.1061440868629,209,17,8170
97.166215250138,211,17,8236
97.2253802979375,210,16,8309
97.2860329293578,210,17,8273
97.3448956814354,209,17,8307
97.4036270044005,209,17,8331
97.4646979227677,212,18,8420
97.5240813071255,213,18,8521
97.5792343428883,214,18,8573
97.6383838185985,213,18,8617
97.6954800708944,212,18,8635
97.7524152213285,212,18,8699
97.8096019241415,212,18,8767
97.8646065256914,213,18,8796
97.920433997709,213,18,8796
97.9755504944398,213,18,8958
98.0291297801767,213,19,9050
98.0818168409426,211,19,9154
98.1354006033501,212,17,9121
98.1925316344792,214,17,8983
98.2498189871047,216,17,8935
98.3099398385438,219,17,8904
98.3689816008852,219,16,8734
98.4286630890261,218,17,8713
98.4840485636034,219,18,8750
98.5417364945027,219,18,8732
98.5973544086268,218,18,8790
98.6543124811698,219,18,8770
98.7100988023055,219,17,8821
98.7686081421988,219,16,8748
98.8283429157186,221,16,8662
98.8892277163817,220,16,8568
98.9502060070928,222,17,8534
99.0095170848041,220,17,8563
99.0684896896879,220,16,8572
99.1289466884502,222,16,8538
99.1904505894723,223,16,8444
99.2514473591128,222,15,8361
99.3152377999955,222,15,8299
99.3783661629184,222,15,8240
99.4411974922126,223,16,8223
99.50233164502,223,16,8099
99.5659264172096,223,16,8086
99.6273204179064,220,16,8065
99.6852719917321,216,18,8207
99.7441750865463,215,18,8271
99.7993672522476,215,18,8337
99.8584067042327,215,18,8440
99.9171036792561,215,18,8515
99.9711352899347,213,19,8654
100.025975471947,212,18,8631
100.083256602406,212,18,8671
100.139161904719,214,19,8805
100.190513211089,212,19,8867
100.245358433575,213,19,8916
100.2997630119,214,19,9021
100.353902336932,215,19,9070
100.409455096784,217,19,9100
100.460892001923,219,19,9172
100.51460978422,217,19,9318
100.569670416634,217,19,9335
100.624479248183,217,18,9272
100.679316692261,216,19,9289
100.733394819284,218,19,9310
100.785946015103,219,19,9331
100.838954897645,218,19,9341
100.892125777329,219,19,9330
100.943674236886,219,19,9355
100.997799036069,218,21,9320
101.049809806412,217,21,9452
101.099526727543,218,21,9467
101.148019222304,216,22,9638
101.197706551173,216,22,9819
101.246215412936,215,23,9972
101.293542319106,215,23,10113
101.338905050035,214,24,10343
101.383491372389,213,24,10480
101.427479663393,212,24,10690
101.471789679109,212,24,10764
101.513951040847,211,24,10884
101.558742636896,210,24,10997
101.602556375699,210,24,11099
101.648854891582,209,23,11115
101.694985430774,210,21,11062
101.742106938182,209,22,11033
101.786801879449,208,23,11036
101.831192065618,209,23,11139
101.874509800122,210,23,11184
101.918009849552,211,23,11259
101.961945966924,212,23,11241
102.00528495703,211,22,11318
102.049843577583,212,22,11349
102.095419896259,213,22,11323
102.141718492804,211,21,11306
102.189786027448,211,20,11195
102.235913642922,211,20,11125
102.282984612006,209,20,10999
102.329276393751,210,20,10912
102.376098072567,210,20,10862
102.425098421493,210,20,10829
102.474363074298,210,20,10713
102.523487753945,210,20,10606
102.571515336432,209,20,10528
102.620460827933,209,20,10455
102.667901314645,208,21,10473
102.714587033065,209,21,10588
102.762567162216,208,22,10586
102.812834880709,208,21,10539
102.86162302125,208,21,10498
102.911079771957,206,21,10520
102.95852379045,201,21,10507
103.007676956552,202,21,10604
103.056057397956,202,21,10618
103.102492527779,202,22,10568
103.151280078496,203,22,10614
103.197403778355,200,22,10636
103.244529772129,199,21,10680
103.291680097584,199,21,10720
103.337947848152,198,21,10738
103.384048360252,198,21,10740
103.432430766552,198,21,10678
103.480954957415,201,19,10613
103.530890961297,202,17,10462
103.582642030677,200,18,10281
103.634808412695,199,19,10256
103.684710538274,198,18,10166
103.737119216123,198,18,10020
103.792548697507,201,17,9849
103.847895451512,203,17,9787
103.903219093465,204,17,9614
103.957352913736,206,17,9538
104.012694439007,205,18,9433
104.064256087881,203,19,9482
104.118137470477,202,19,9512
104.171038491565,202,19,9482
104.225247793114,203,19,9502
104.279868337928,203,18,9464
104.336220869388,203,17,9416
104.392178015116,204,17,9302
104.448745426029,205,17,9243
104.507126108952,206,17,9176
104.562952214089,205,18,9202
104.617591075059,203,19,9201
104.67082366996,204,19,9236
104.725195427299,205,19,9243
104.779492647985,206,18,9339
104.833111018556,209,18,9243
104.886984722198,207,19,9274
104.940199956213,207,19,9241
104.993906596477,207,19,9180
105.048580808898,206,19,9222
105.104011642453,209,19,9254
105.154869165093,207,21,9383
105.203804338898,204,23,9611
105.250746227857,204,24,9755
105.296696371529,208,24,9981
105.339956578609,208,23,10054
105.387747541095,210,22,10167
105.435898973628,209,22,10265
105.483171777587,209,22,10358
105.530028049859,213,22,10386
105.576306446077,216,22,10349
105.624267245351,217,22,10376
105.672705930415,217,22,10347
105.718252446408,217,22,10443
105.764026337515,218,22,10456
105.809167788627,215,23,10523
105.854589676182,215,23,10584
105.899874630963,216,23,10628
105.944302575596,213,24,10703
105.989979683776,215,24,10800
106.032592123288,216,24,10891
106.076336885548,217,25,10968
106.11809501005,216,26,11136
106.158631292921,214,27,11299
106.197799199279,215,27,11447
106.238812277165,215,26,11525
106.278627288119,215,26,11671
106.318419697232,215,26,11777
106.358220098228,216,27,11855
106.398084139868,217,26,11939
106.437953007894,217,26,12034
106.478782421881,217,26,12099
106.516666653832,218,26,12198
106.55634815835,218,27,12229
106.595719600631,220,27,12363
106.635619687711,221,27,12410
106.674532257876,219,26,12452
106.713309572682,217,27,12489
106.749680160699,211,30,12572
106.786360047564,210,31,12783
106.821324146292,210,31,12947
106.855324781237,211,30,13096
106.890516733849,214,29,13254
106.925269168278,214,29,13348
106.962367205234,213,29,13390
106.998637935414,213,28,13421
107.0351829251,213,28,13420
107.071861809907,212,28,13478
107.108654006158,211,28,13520
107.145861519158,211,28,13595
107.182408480472,210,28,13725
107.218140990855,209,29,13796
107.254778839056,207,29,13722
107.291186116839,207,29,13716
107.324900975939,206,30,13879
107.360156534971,206,29,13946
107.395680506005,206,29,14015
107.430317381572,206,28,14089
107.465874866066,206,28,14099
107.50230432399,206,28,14131
107.538122822184,207,28,14188
107.573760303641,208,28,14139
107.607798012959,211,28,14094
107.642500381471,212,28,14109
107.678734568723,212,28,14093
107.714320336314,210,28,14057
107.750099343773,210,27,14026
107.787542136645,209,27,14030
107.823717434277,210,27,13983
107.859977674173,209,27,13909
107.896612820503,210,27,13916
107.934043109217,212,27,13896
107.971610659169,210,28,13871
108.006896860625,209,28,13971
108.043054857814,210,27,13934
108.079165916391,210,26,13856
108.116653149051,208,26,13790
108.1538366643,207,26,13805
108.191892100879,207,26,13708
108.230227354316,207,26,13678
108.266801845388,207,26,13659
108.303701052126,206,26,13702
108.341181724935,206,25,13679
108.379371162309,206,25,13527
108.416009846393,205,26,13479
108.45262184762,203,27,13454
108.490281115609,203,27,13410
108.527553254821,203,26,13394
108.565517706901,203,27,13359
108.602781191864,201,28,13350
108.639920741035,201,28,13369
108.676436961862,203,26,13403
108.713726025849,201,26,13309
108.751653116903,201,26,13265
108.790163672728,201,26,13188
108.829066514778,203,26,13126
108.867385702929,202,26,13072
108.905360739866,205,26,13030
108.942238858287,203,27,13125
108.978188369919,203,27,13139
109.01616139098,202,27,13165
109.053672504411,203,27,13126
109.089371670271,201,29,13212
109.125272493348,204,29,13347
109.160574115872,204,29,13467
109.196012295117,204,29,13514
109.23188294595,203,28,13583
109.268668629861,203,28,13661
109.304867464585,202,28,13661
109.340799049942,201,28,13698
109.377852155558,200,28,13764
109.412378720148,199,29,13870
109.447821213287,198,30,13978
109.482750005287,199,30,14040
109.518253209944,202,29,14040
109.551235155152,200,30,14095
109.586423284862,201,30,14184
109.61989044566,201,31,14244
109.652831225327,202,31,14381
109.685448202822,203,31,14461
109.718875872286,205,30,14520
109.752864796887,206,29,14514
109.786780865612,206,29,14487
109.821162881208,205,29,14546
109.857186322214,204,29,14550
109.892734024382,202,29,14547
109.927831441231,200,29,14511
109.963230179703,199,28,14434
109.998685542255,200,28,14427
110.034672340107,200,28,14392
110.07056680122,200,27,14396
110.10612995215,201,27,14251
110.142170548776,201,27,14171
110.17871305995,198,27,14129
110.213773388756,198,26,14152
110.250450659609,198,25,14024
110.287793128632,198,25,13866
110.326648457295,199,25,13743
110.364683801862,197,25,13689
110.40227596724,197,25,13612
110.440695953466,196,25,13528
110.479207098957,199,25,13464
110.518941325952,199,25,13319
110.558791015017,199,25,13219
110.597710969295,199,24,13184
110.637740027783,195,25,13175
110.676256544303,195,25,13159
110.714270002061,195,26,13131
110.751337580749,195,26,13136
110.789477322059,195,26,13102
110.828633801457,194,25,13095
110.867450593099,193,25,13127
110.909710469981,193,24,13020
110.950003907606,192,25,12929
110.991106053492,192,24,12881
111.03301908318,192,24,12798
111.072377059169,192,24,12705
111.112983302063,191,25,12645
111.153194267125,188,25,12691
111.194070802396,187,25,12688
111.234486823487,185,25,12703
111.274194427856,182,25,12633
111.312801900359,182,25,12634
111.350598835069,183,25,12676
111.39008640197,183,25,12619
111.42926578784,185,25,12573
111.469380780407,185,25,12525
111.510685375479,185,24,12531
111.551689929406,186,24,12496
111.592737904354,184,24,12400
111.634056799296,184,24,12308
111.674685340491,184,24,12264
111.71599261177,184,24,12242
111.757526091051,184,22,12203
111.800505689758,181,23,12052
111.844213214165,183,23,11977
111.886982272451,185,23,11841
111.928408125274,182,26,11881
111.969222277566,184,26,11925
112.009214146982,186,26,11975
112.049839162095,182,27,12128
112.086992976843,181,28,12333
112.126053000971,183,28,12498
112.163482465892,184,28,12666
112.200763443927,186,28,12771
112.238257853746,187,28,12876
112.276033509913,187,28,12863
112.313579817072,185,28,12977
112.350466457838,185,28,13071
112.386703712,185,28,13203
112.423924633569,181,28,13218
112.459644873319,181,28,13256
112.496718906364,183,28,13371
112.533619223735,182,28,13441
112.57063387744,182,28,13525
112.606294934609,185,28,13588
112.641325837982,186,28,13667
112.677240294923,184,28,13686
112.713594148396,185,28,13648
112.749571094622,187,28,13626
112.78611915328,184,28,13682
112.820614941752,182,29,13765
112.855927591348,182,29,13837
112.89207447705,182,29,13897
112.926052626862,180,30,13990
112.960633122902,181,30,14076
112.994588866038,181,30,14193
113.027644577538,182,30,14228
113.061265700067,184,29,14246
113.09740981932,185,28,14231
113.133292540538,189,28,14283
113.168593509511,189,28,14245
113.203823708497,188,27,14222
113.238590860911,188,27,14060
113.275545002055,188,26,13938
113.310966472827,188,26,13938
113.348159497586,188,26,13822
113.385656415493,189,26,13757
113.423045603685,191,26,13755
113.460738581436,193,26,13665
113.497623628152,193,25,13638
113.536137243893,192,25,13554
113.576019246837,192,25,13420
113.613672100925,191,25,13350
113.654350099698,191,25,13248
113.693130971772,190,25,13192
113.733375491907,189,23,13118
113.77515292882,189,22,12980
113.817676865327,189,22,12818
113.860140410994,188,22,12624
113.904215555974,189,22,12447
113.94689465315,189,22,12293
113.991855483596,188,22,12101
114.034974554416,188,22,11970
114.07791525969,187,22,11947
114.123097222517,185,21,11826
114.167659366926,185,22,11716
114.209014088411,187,22,11606
114.254883222925,189,22,11601
114.298480925606,190,23,11548
114.34215651921,192,23,11596
114.384892498027,190,23,11644
114.428944563833,190,23,11586
114.470865204951,190,23,11491
114.51512365126,190,22,11497
114.560563824562,191,21,11455
114.605024003726,194,20,11427
114.65175201921,193,20,11271
114.698784769422,192,21,11170
114.745526009877,193,21,11173
114.791870991975,193,22,11141
114.837684790937,192,22,11165
114.881826585234,192,22,11176
114.925287543323,192,23,11224
114.968252033081,193,23,11168
115.009609598758,191,24,11211
115.051937302876,192,24,11343
115.093785408865,192,24,11426
115.13486068705,192,24,11490
115.178497473132,194,24,11562
115.221315136292,195,24,11663
115.263746603398,190,26,11643
115.303697660395,191,26,11724
115.34428135003,190,27,11827
115.383703877434,191,27,11929
115.422395988349,192,26,11986
115.461806202894,192,26,12071
115.501320686744,191,27,12145
115.541115150736,191,27,12327
115.578963549603,190,27,12453
115.618810869678,190,26,12488
115.656316200309,191,26,12583
115.69609907653,192,26,12673
115.736521869781,193,25,12675
115.776254581119,191,26,12689
115.814747246305,193,26,12751
115.854537235034,193,26,12738
115.892587079977,192,25,12687
115.931459466375,193,25,12624
115.971064903074,191,25,12639
116.010162202368,191,25,12585
116.049103987542,191,25,12616
116.088541475383,191,25,12589
116.127773027496,191,25,12620
116.166658027464,190,26,12692
116.204476520478,190,26,12667
116.242062620998,189,26,12741
116.280266618533,186,27,12782
116.318426918046,187,26,12898
116.358069838492,186,25,12847
116.398013806541,186,25,12749
116.436529227228,187,24,12749
116.476579308234,183,25,12752
116.515743255669,183,25,12718
116.555954284746,183,25,12695
116.595982812452,185,25,12782
116.636659023458,186,24,12808
116.675743089541,185,24,12770
116.715826148426,184,24,12654
116.756589871755,182,25,12637
116.796988658066,182,25,12649
116.837879366404,180,25,12571
116.877436264528,181,25,12527
116.91677504243,183,24,12512
116.958531325676,183,24,12490
116.999142584709,181,26,12512
117.038253598279,181,26,12553
117.078777419473,181,26,12547
117.116008972788,180,27,12617
117.155227711518,179,25,12705
117.194081002536,180,26,12634
117.232997008707,178,28,12758
117.272113912143,180,28,12896
117.309766678253,180,28,13007
117.347557288115,180,27,12953
117.386695927004,180,28,12990
117.42373054067,179,26,12992
117.462379598547,180,25,12982
117.501173876354,181,26,12917
117.539964928228,182,26,12872
117.578840884129,183,26,12857
117.619774272075,183,25,12814
117.659477549284,184,25,12833
117.69937797299,183,25,12855
117.740797789951,182,25,12771
117.781250874475,181,26,12708
117.819526273966,181,27,12774
117.858449265086,181,26,12821
117.896908041679,182,26,12792
117.936279204772,183,23,12743
117.977646764846,183,22,12684
118.020224181097,183,22,12559
118.062176685739,183,22,12450
118.104982022987,182,22,12320
118.147198209518,181,23,12223
118.189457871273,181,23,12214
118.232276949139,182,23,12091
118.275801205772,183,21,12015
118.321595391154,183,21,11889
118.36800162553,183,21,11769
118.414834700891,182,21,11709
118.459226798677,181,20,11544
118.504358527426,180,20,11333
118.551549660212,180,20,11125
118.598080271558,180,20,11015
118.645323351299,182,19,10894
118.694993587809,183,19,10653
118.744671337932,182,19,10543
118.793808656545,182,20,10473
118.839453695052,181,21,10436
118.8880385167,181,21,10437
118.936153645402,181,21,10457
118.984698529424,184,21,10517
119.032204382697,183,21,10515
119.078278317388,183,21,10529
119.126524426673,182,22,10516
119.170626602434,184,22,10570
119.218231202033,184,22,10614
119.26349453987,184,23,10653
119.30990742818,186,23,10753
119.355821033161,187,23,10724
119.399952387391,188,23,10802
119.444628317134,192,23,10850
119.490190465682,193,23,10887
119.532183303505,194,23,10909
119.575519618553,193,24,11019
119.620856749439,192,23,11038
119.664885731968,192,24,11110
119.706704794474,191,24,11225
119.748356484984,193,24,11319
119.789857910888,195,24,11475
119.832678766773,195,25,11469
119.87545941592,194,25,11538
119.916773059392,195,26,11643
119.958000036544,198,26,11734
119.996961736678,201,25,11837
120.037330630857,200,24,11969
120.080883132825,202,24,11998
120.123082908087,201,24,11908
120.164220218446,198,25,12056
120.205971386488,199,25,12002
120.247954769941,202,24,11962
120.288892012518,203,24,12017
120.330326792826,198,24,12031
120.372187179513,196,24,12063
120.413469807918,196,24,11971
120.455291123092,197,24,12020
120.495770495757,197,24,12066
120.536698518183,198,23,12038
120.579634579402,198,22,11890
120.624152306794,199,22,11840
120.668570624311,199,21,11678
120.714595612418,199,21,11586
120.758610077538,196,21,11516
120.804858315905,198,20,11375
120.852078894661,199,20,11236
120.899938474167,200,20,11137
120.948814602852,199,21,11034
120.995813333199,200,21,11009
121.042928814855,200,20,10979
121.091198837436,199,20,10970
121.139683215401,197,20,10810
121.188704128029,196,20,10808
121.235653975334,197,19,10794
121.284666680017,195,20,10758
121.332250398714,193,21,10665
121.380508382207,193,21,10673
121.428888058203,193,21,10753
121.477163519249,192,21,10712
121.523639302665,192,21,10657
121.571192055141,189,20,10582
121.618039578515,188,21,10501
121.667449078942,187,21,10535
121.716851548138,186,21,10509
121.765675749889,186,20,10510
121.814859245031,186,19,10490
121.865843770381,186,19,10364
121.916023232516,187,19,10257
121.966309495659,186,20,10228
122.014716732216,187,20,10195
122.064808078144,186,20,10142
122.113418469033,190,20,10140
122.162910933569,193,20,10167
122.214977098466,193,19,10170
122.265741860019,194,19,10115
122.317135230437,193,19,10057
122.366816392849,192,19,10001
122.419963772771,194,19,9917
122.470982515424,194,19,9915
122.524268477843,194,18,9879
122.57765854977,193,18,9785
122.63009971955,190,17,9676
122.68415192487,189,17,9528
122.740300154577,188,17,9452
122.794132533191,184,19,9368
122.848835416231,184,19,9279
122.901109873447,184,19,9391
122.952241748331,185,20,9485
123.001970494379,183,20,9503
123.053655043947,183,19,9512
123.10545170935,185,19,9500
123.157742042939,185,19,9539
123.210185650503,185,19,9440
123.262010933268,184,20,9490
123.312100475173,184,20,9566
123.363230990617,184,20,9701
123.415096725077,185,20,9748
123.465588315167,184,19,9753
123.516739591038,183,19,9781
123.569032064486,184,19,9794
123.623321124518,184,17,9732
123.677474504308,185,17,9658
123.734306722094,186,17,9499
123.789268773799,187,17,9458
123.845403150961,185,19,9371
123.8976870888,185,18,9322
123.951820452848,185,18,9308
124.007415035095,185,18,9288
124.06239264255,185,18,9296
124.115193511895,184,17,9248
124.174107161358,186,16,9103
124.234719553025,186,15,8963
124.296376447568,185,16,8832
124.356416382321,187,17,8746
124.415439206849,187,17,8723
124.476603256386,186,16,8605
124.537060099526,187,17,8546
124.595210649711,188,17,8523
124.651558807924,188,18,8501
124.709908054199,189,18,8590
124.767105680603,190,18,8687
124.823472692628,191,18,8788
124.881625765875,191,17,8884
124.93851789186,192,17,8920
124.996341894212,192,18,8838
125.053201962421,193,18,8877
125.11076664553,193,18,8875
125.167913857478,194,17,8867
125.226410045091,191,17,8791
125.284939794738,191,17,8694
125.341901303401,191,18,8655
125.399682814987,189,18,8749
125.455737625435,190,18,8755
125.511182868761,191,18,8792
125.566029974765,190,18,8814
125.622422787484,190,18,8831
125.679042133112,191,18,8899
125.734656717521,193,18,8919
125.790057881134,190,19,8932
125.841619918993,191,19,8967
125.896444211785,191,18,9028
125.953116671851,191,18,9012
126.007797003767,189,18,9012
126.061001644979,190,18,9004
126.115451956673,190,18,9023
126.170569094181,191,18,8988
126.226390520424,193,17,8949
126.282468044439,193,17,8863
126.34191698276,197,17,8835
126.399004958524,194,17,8831
126.45706167805,196,17,8805
126.514396340182,193,18,8858
126.571202947628,192,19,8827
126.626593422097,192,19,8899
126.682625573337,191,19,8965
126.737168354701,191,19,9029
126.790491766397,190,20,9078
126.843501159199,190,20,9183
126.894439934508,190,20,9294
126.946417642347,191,21,9413
126.996323041103,192,21,9514
127.046889726255,190,22,9607
127.095510969543,189,22,9763
127.143873423488,190,22,9870
127.191417840091,190,22,9953
127.239659379853,190,22,10103
127.290884391698,190,20,10036
127.339338649766,190,20,10043
127.389257506637,189,20,10023
127.440684224916,189,20,10041
127.490408006132,188,20,10053
127.539855491292,187,21,10083
127.587998482385,189,21,10159
127.63607851156,189,22,10215
127.68281255889,191,21,10230
127.730145557942,187,23,10260
127.775292713416,188,23,10328
127.821549518535,191,23,10475
127.865805211369,193,23,10547
127.910520786014,195,23,10600
127.956548266821,195,23,10730
128.003155421904,196,21,10735
128.050082284339,196,21,10765
128.097388442773,196,21,10781
128.142852918053,194,21,10763
128.190560110819,195,21,10704
128.237074713958,196,21,10660
128.284741100241,197,21,10620
128.332186262083,195,23,10680
128.379095608277,195,23,10754
128.423468976839,193,23,10824
128.467916460423,196,22,10916
128.515263424953,197,21,10854
128.561306017227,196,21,10840
128.607943698358,197,21,10873
128.654127922641,199,21,10853
128.701427399705,200,21,10765
128.748667111193,200,20,10745
128.797337240538,200,20,10675
128.845402870466,202,19,10540
128.895031087942,203,19,10381
128.944204951702,204,19,10306
128.996824679577,204,18,10234
129.048521649411,204,19,10145
129.099544591613,201,19,10057
129.153082830803,200,19,9996
129.204407580322,202,19,10007
129.254756118602,201,19,9948
129.306317293329,198,18,9884
129.360579687529,197,19,9728
129.413400039698,198,19,9628
129.465570673038,199,19,9675
129.516151936696,199,19,9577
129.569281091242,201,19,9643
129.623999422842,199,18,9670
129.6772604237,201,18,9680
129.73101009953,198,19,9695
129.786087507921,197,19,9696
129.838961623226,198,18,9647
129.893071125794,198,18,9574
129.948960599587,201,17,9468
130.005572875949,204,17,9393
130.061203892465,203,16,9250
130.12297800095,203,15,8958
130.183901352853,203,15,8735
130.247289752509,201,16,8556
130.310139520425,201,15,8535
130.374225462177,202,15,8390
130.439217853325,203,14,8196
130.503595220544,203,15,8004
130.569422962363,204,15,7947
130.634632477927,202,15,7851
130.698894228985,202,15,7916
130.761651708718,201,16,7870
130.826221127511,199,15,7884
130.89356773926,199,15,7807
130.960411262072,201,15,7845
131.025098970812,200,15,7809
131.091572182112,198,15,7775
131.155710773489,200,15,7743
131.221992920486,197,16,7740
131.284428841081,197,16,7848
131.346717815863,197,16,7895
131.410509082289,198,15,7889
131.472181412896,198,15,7811
131.538710272309,199,15,7786
131.605194385403,198,16,7746
131.671098088964,196,17,7827
131.732278100932,196,17,7837
131.792914633882,197,17,7948
131.855454550811,198,17,8055
131.914045509935,196,17,8084
131.97390760998,195,17,8110
132.035342359343,196,17,8119
132.095760568272,195,16,8177
132.159373734141,196,16,8100
132.222413349179,195,17,8080
132.280679579312,194,17,8086
132.338382757681,196,18,8254
132.398045747989,197,18,8318
132.45577802532,196,18,8386
132.512275645646,199,18,8483
132.567888017837,197,18,8523
132.624272103014,197,18,8575
132.680278148892,199,18,8641
132.736988997384,198,18,8653
132.794530040082,200,18,8719
132.852676766409,200,17,8754
132.909190149159,199,17,8798
132.966589157179,199,17,8748
133.023487851575,199,17,8717
133.080065341613,201,17,8743
133.138767041186,201,17,8786
133.194876427915,199,18,8815
133.251102658593,199,19,8822
133.303659104774,197,20,8913
133.356514366443,198,20,9034
133.409751699442,197,21,9141
133.460813466166,197,21,9256
133.510139232493,196,22,9442
133.558934409251,196,22,9610
133.605830992713,197,22,9721
133.655110411076,197,22,9883
133.703922421357,198,21,9971
133.755756378068,198,20,9887
133.807591536707,198,20,9932
133.86046550348,200,20,9952
133.91169171641,199,20,9945
133.963146411399,199,20,9891
134.010669503282,198,20,9937
134.063571555966,197,18,9835
134.116673311271,195,18,9687
134.169932899487,194,18,9667
134.223741874764,195,18,9600
134.275815089742,195,18,9538
134.331578539354,198,19,9467
134.384937998076,198,19,9428
134.436924966309,198,21,9461
134.487353197447,200,21,9585
134.534676636936,201,21,9744
134.583935916078,202,21,9839
134.631756336959,203,21,10000
134.680788078423,203,21,10000
134.730372980778,202,21,10046
134.777522774187,202,21,10004
134.825785232691,202,20,10099
134.87333512087,205,20,10084
134.921648756946,207,20,10090
134.973381451216,206,19,10053
135.023904541813,206,19,10019
135.075897097889,205,19,9985
135.123570617547,204,19,9974
135.173334414215,202,20,9943
135.224838496001,201,20,9985
135.273548151443,203,20,9999
135.326103136775,204,17,9941
135.381989424746,204,17,9833
135.437852341446,204,17,9591
135.491275594118,205,17,9548
135.546221859297,207,17,9413
135.601455371761,208,17,9302
135.656828068505,210,17,9266
135.712998240152,210,17,9183
135.77108527863,208,16,9059
135.82833263404,207,16,8955
135.890247322085,208,16,8888
135.952463755497,209,15,8738
136.015543242566,209,15,8588
136.076559350791,208,16,8532
136.136600599304,209,15,8512
136.199275398846,209,15,8430
136.262181434498,208,16,8295
136.322028603982,208,16,8264
136.383840728172,208,17,8222
136.443417588172,208,17,8227
136.501197349362,209,17,8284
136.560466586203,208,18,8274
136.618485260436,208,18,8346
136.673317125037,209,19,8439
136.728453757299,207,20,8582
136.781317628987,207,20,8733
136.835038512814,210,20,8784
136.889685289105,208,20,8916
136.943898945136,207,20,9136
136.994173635559,206,20,9188
137.046748628418,206,20,9203
137.096876133773,207,21,9340
137.145211738284,206,22,9428
137.192958103882,204,23,9579
137.241896142699,203,24,9718
137.286882172234,202,24,10004
137.334505248278,202,25,10184
137.376101497435,201,26,10346
137.41786401186,200,27,10597
137.460370572196,201,25,10744
137.502083141959,200,26,10907
137.544966431971,200,26,11098
137.586565766676,199,26,11220
137.628042150957,199,25,11384
137.668813849174,198,26,11416
137.708145999993,198,27,11568
137.746314576254,198,28,11762
137.78474093476,200,28,11958
137.823636744564,200,26,12103
137.862112292849,200,26,12243
137.902239914216,201,26,12306
137.941378057779,200,27,12379
137.979882995561,201,27,12476
138.019749013884,202,27,12582
138.058669268613,201,27,12613
138.098145548734,200,27,12663
138.136368726383,199,28,12777
138.174009296657,200,28,12914
138.209921224427,200,28,12985
138.248583769838,198,28,13057
138.284883757555,201,28,13206
138.321487714762,203,28,13308
138.356902271004,202,27,13371
138.394590873803,203,27,13435
138.432758253481,203,27,13431
138.470279188073,203,27,13399
138.507429942451,205,27,13349
138.545425700389,206,26,13330
138.583926231128,206,25,13365
138.621858212686,208,25,13235
138.661236030849,208,25,13195
138.698722095585,208,24,13117
138.739032579583,208,24,13052
138.779302801173,206,24,12982
138.81933476366,205,23,12906
138.860882538378,204,23,12786
138.901359172985,205,24,12651
138.942315027054,205,24,12691
138.983599242919,203,25,12602
139.024867282815,203,25,12624
139.06431656438,202,25,12634
139.106340823546,202,25,12670
139.146130697401,202,25,12636
139.186967787709,201,25,12632
139.227190556567,203,25,12670
139.266968201956,204,24,12622
139.30655007002,204,24,12606
139.346863190471,207,24,12583
139.388578424744,209,24,12539
139.430198486834,209,24,12531
139.47051860433,207,23,12444
139.513282611581,207,23,12416
139.553585893517,209,23,12376
139.59358919802,209,24,12320
139.63492988714,208,24,12355
139.675262680975,208,25,12356
139.715768851374,208,24,12277
139.75758001092,207,24,12259
139.799575185343,206,23,12222
139.841753963585,208,23,12084
139.882690474415,209,23,12041
139.923010896876,210,23,12022
139.966243091425,209,23,11971
140.007708140597,208,23,11963
140.049835188882,208,23,11914
140.093711380526,205,23,11950
140.137296903368,206,23,11887
140.181115716341,208,23,11817
140.224117260591,209,23,11837
140.266363446452,207,23,11774
140.308784837707,206,25,11779
140.350210024738,209,25,11804
140.390033649107,210,25,11859
140.431512046682,210,25,11943
140.4717789782,208,26,12003
140.511881505798,206,26,12121
140.552614723272,205,26,12211
140.593223734677,202,27,12251
140.631990563285,203,27,12280
140.672410644822,205,27,12361
140.712341853854,206,26,12399
140.750161419795,207,26,12512
140.791128078171,206,26,12550
140.831217261183,206,26,12598
140.869697317579,205,27,12675
140.907765544674,205,27,12744
140.944822975265,205,27,12856
140.98293507954,204,27,12932
141.019698580509,202,26,12993
141.05880278183,201,26,13007
141.097054186116,200,26,13022
141.135757370549,198,26,13028
141.175353950465,197,26,12990
141.216647064578,199,26,12976
141.254789135303,199,26,13042
141.294501956228,198,26,13008
141.333237702097,196,26,12998
141.37132113019,196,27,12886
141.409116527119,197,27,12950
141.448283281378,198,26,13058
141.488367853167,198,25,13010
141.526058754363,196,26,12967
141.56345965998,195,26,12953
141.603815736545,197,25,12990
141.643567144191,196,25,12926
141.683408130834,198,25,12914
141.722005093167,198,25,12847
141.761585719016,197,25,12795
141.800659410431,198,25,12808
141.839737979774,197,25,12817
141.879689541221,198,24,12793
141.921346938619,199,23,12723
141.962115374342,197,23,12603
142.004353629329,197,23,12525
142.046959849935,194,24,12478
142.088462082979,195,24,12483
142.131042709694,196,24,12416
142.172382566062,195,24,12370
142.213793944527,193,24,12384
142.256249708089,192,24,12320
142.297518979288,194,23,12329
142.339881638704,195,23,12346
142.383761969759,196,23,12325
142.424125608166,195,24,12200
142.465154419163,195,25,12216
142.506508494801,196,25,12217
142.546106916688,198,25,12201
142.585095610796,198,25,12251
142.625293119979,199,26,12262
142.665280812643,200,25,12349
142.704783844788,201,26,12406
142.743470591809,200,27,12477
142.781663314188,201,28,12592
142.81980352323,201,28,12736
142.857073583932,200,28,12848
142.894679686407,200,28,13013
142.93296428913,200,28,13076
142.970865209376,201,27,13146
143.008463652532,201,27,13162
143.047706189389,203,27,13217
143.085761621692,204,27,13292
143.122530643873,204,27,13352
143.1604952685,205,27,13357
143.198526266058,205,27,13356
143.234561268891,207,27,13364
143.271597910926,208,27,13333
143.308436480237,208,27,13369
143.344720496382,207,27,13413
143.381848627677,209,27,13438
143.419885022068,210,27,13463
143.458451618429,212,26,13408
143.496694322681,211,26,13353
143.533328094168,210,27,13298
143.569638861355,208,28,13359
143.606483884208,208,28,13463
143.641982914927,208,28,13564
143.677438062887,208,28,13545
143.71564516286,207,29,13583
143.751745031771,208,29,13541
143.78741728389,210,28,13580
143.82289171757,210,28,13648
143.858685296708,212,28,13668
143.896022857827,209,28,13640
143.932507924369,208,27,13653
143.968637815292,210,27,13694
144.006390949813,204,27,13680
144.040782404258,204,27,13707
144.07657343004,203,29,13734
144.110806366342,204,29,13747
144.147815574343,203,30,13761
144.181937689943,204,30,13798
144.2160426587,205,30,13956
144.250954080474,205,31,13962
144.284530174293,205,32,14126
144.318784188421,205,30,14154
144.352796223525,205,30,14151
144.386259601381,207,30,14217
144.419952478069,209,30,14251
144.454501126555,208,30,14316
144.489578975086,207,31,14330
144.522960840765,206,31,14477
144.556276864513,207,31,14531
144.590535385705,209,31,14621
144.624870182387,209,31,14710
144.659237235447,212,31,14747
144.691930328154,213,31,14739
144.723678724507,215,31,14793
144.757235115016,213,32,14743
144.789729153965,212,32,14790
144.822197977433,211,32,14886
144.854867719553,210,32,14903
144.887937583935,210,31,14960
144.920105713498,210,30,15011
144.955474274917,212,30,14975
144.990042213281,211,30,14959
145.025050191722,215,30,15023
145.058924189879,214,30,15094
145.091955881597,214,31,15188
145.124937620328,210,32,15289
145.158399493979,212,31,15357
145.190494202364,211,31,15371
145.222369324624,209,31,15392
145.256063417946,210,31,15383
145.287632726391,209,31,15457
145.319565980849,207,31,15467
145.351511220657,204,32,15465
145.384570726235,204,31,15512
145.417628947873,205,31,15448
145.449330581299,203,31,15466
145.481022638837,202,32,15454
145.512280822745,202,32,15514
145.544276217994,202,31,15499
145.576419751498,202,30,15480
145.608866221492,204,30,15402
145.641869936492,205,30,15315
145.674927334532,205,30,15311
145.708311394477,205,29,15296
145.741664915423,204,31,15227
145.7734620543,203,32,15321
145.805030236529,204,32,15358
145.837278369701,205,32,15423
145.868653485765,203,32,15489
145.900010105816,204,31,15517
145.931504098519,206,31,15415
145.962994393125,206,31,15437
145.993706264584,207,31,15452
146.027613368924,209,31,15473
146.058910596498,209,32,15565
146.090628229552,208,31,15637
146.122340811987,211,31,15600
146.15521035417,209,30,15577
146.187868434068,210,30,15520
146.219844652095,210,30,15520
146.253971366639,210,30,15479
146.286329532464,209,30,15461
146.3192809662,207,30,15369
146.353388004485,206,30,15359
146.385905446246,205,30,15444
146.419036259776,206,31,15433
146.450502107,207,31,15465
146.483063893771,207,31,15365
146.516263123905,208,31,15382
146.548205472886,207,31,15334
146.580160166294,206,31,15319
146.612980201504,208,30,15262
146.647002141316,207,30,15256
146.681010241765,207,30,15275
146.71466931102,207,31,15259
146.74717833608,209,31,15267
146.780769265916,211,30,15202
146.815044797328,211,29,15178
146.848303178493,211,28,15025
146.882756056791,207,28,14915
146.917790891981,208,28,14905
146.952859830351,208,28,14828
146.98787222025,210,28,14792
147.024092315796,210,28,14763
147.058990783575,212,28,14683
147.095243072207,212,26,14565
147.132184752415,213,27,14457
147.168189942528,213,27,14409
147.203293757351,212,27,14319
147.239757652339,215,27,14266
147.275993258749,216,27,14261
147.313737948651,215,26,14170
147.351385702677,213,27,14139
147.388127032709,214,27,14040
147.423395470249,212,29,14013
147.458697682074,213,30,14171
147.493064479791,215,30,14166
147.528164685311,212,30,14176
147.562260993697,212,30,14211
147.594849640278,212,30,14295
147.628022868174,211,30,14359
147.662378772596,212,30,14378
147.697385715527,211,31,14416
147.731358707218,212,29,14479
147.765971013288,212,28,14455
147.799908777961,212,29,14477
147.834026156708,213,29,14483
147.869142281191,212,29,14409
147.904416230972,213,29,14406
147.939474861199,212,29,14440
147.972913975795,213,29,14473
148.006751911751,213,29,14441
148.042797133237,213,28,14418
148.078914338113,213,28,14330
148.114256073087,212,28,14292
148.149805819089,213,28,14287
148.183972997492,214,28,14293
148.219746605989,214,27,14329
148.256499564787,213,27,14291
148.293360028634,213,27,14229
148.330122375374,214,27,14121
148.3666253612,215,27,14148
148.403438512065,215,26,14116
148.440246117307,215,26,13993
148.477709407167,214,27,13957
148.514307368895,213,27,13963
148.552089085019,214,26,13963
148.589661218013,213,26,13922
148.626160177552,213,25,13815
148.664497466483,214,25,13748
148.702328942291,216,25,13646
148.740393983921,217,25,13568
148.779803388839,217,25,13389
148.818542188785,217,25,13328
148.857376643768,216,26,13276
148.89535159261,216,26,13294
148.932065220919,216,26,13322
148.968679942712,218,26,13360
149.007373758963,217,26,13312
149.046058628328,218,25,13168
149.084509700576,218,25,13078
149.123144551103,219,25,13053
149.162490121472,219,25,13061
149.201850051263,219,25,12997
149.241027604052,218,25,12975
149.28137582904,219,25,12869
149.319834799256,218,25,12782
149.359866254234,219,25,12773
149.399008897625,220,24,12697
149.438758481432,220,24,12760
149.479681170626,221,24,12676
149.520971400058,219,24,12638
149.562927445085,219,23,12545
149.605532093273,220,23,12437
149.647950210102,221,23,12419
149.688553228084,220,24,12342
149.729102635623,218,25,12354
149.769275782647,217,26,12409
149.810031522685,217,26,12461
149.84953517819,218,26,12519
149.889750814051,217,26,12536
149.928462002618,216,26,12606
149.966468295704,214,26,12505
150.00568328319,215,26,12526
150.043582262439,216,26,12567
150.082286522029,215,26,12629
150.12120367361,216,26,12654
150.160781923605,217,26,12676
150.199245979926,217,26,12717
150.238099357784,214,26,12769
150.276758748829,213,26,12763
150.317292993816,215,25,12812
150.355802520631,215,25,12756
150.395793458251,216,25,12714
150.436299024767,216,24,12651
150.478693503487,215,22,12547
150.521960450039,215,22,12426
150.565063943946,214,22,12346
150.60749278636,213,22,12226
150.651412003267,215,22,12117
150.693323586836,216,22,12008
150.735702881918,217,22,11913
150.779311247643,218,22,11772
150.824469294662,217,21,11687
150.869916401914,215,21,11613
150.915262247605,217,21,11575
150.960675819267,216,21,11529
151.005906685483,212,20,11509
151.053461224911,211,21,11419
151.097953770756,211,21,11399
151.146412443291,214,21,11360
151.192410727816,211,23,11324
151.235736311755,211,23,11415
151.277172554139,211,23,11502
151.320573666995,211,24,11496
151.36446189124,213,24,11562
151.407432199922,212,24,11623
151.450253863173,211,24,11635
151.491892078538,210,25,11733
151.532647150659,209,25,11805
151.574578830798,209,24,11894
151.616221679958,210,24,11927
151.659253136692,208,24,11868
151.700587198791,207,24,11822
151.741305367788,206,25,11841
151.782443069222,207,26,12026
151.822024539855,206,26,12139
151.861283509507,206,27,12233
151.899533160993,207,27,12334
151.938397042259,207,27,12406
151.976281277667,206,27,12541
152.014464976025,203,27,12629
152.053215052924,204,27,12707
152.089892085218,206,28,12829
152.126335104514,206,28,12977
152.163095492553,207,28,13078
152.199275915975,204,30,13203
152.235527671742,204,30,13310
152.270002019888,205,30,13387
152.3040303298,205,30,13553
152.338885189953,204,29,13586
152.374466388715,205,29,13662
152.409722760108,205,29,13675
152.444894377456,208,29,13742
152.48007784753,209,29,13801
152.515170047311,211,29,13855
152.55049955468,214,29,13874
152.586382931935,214,29,13902
152.621383628281,216,29,13924
152.655739963632,216,29,13942
152.690642134364,218,29,13906
152.725663789073,218,29,13954
152.759733921529,219,29,14021
152.794958366004,220,29,14080
152.830853309928,221,29,14169
152.864997792506,219,29,14240
152.900999344241,219,28,14260
152.935457011925,216,28,14160
152.971362301797,215,29,14135
153.006104244149,215,29,14216
153.041806761298,215,28,14247
153.076385847745,215,28,14340
153.112006385834,216,28,14305
153.147724927602,217,28,14264
153.183123883374,218,27,14242
153.217267061676,220,27,14193
153.253496370167,221,27,14078
153.289384531653,220,27,14032
153.325469603179,219,27,14037
153.361943256802,219,26,13882
153.399341885298,219,25,13831
153.437939818043,220,24,13720
153.476856260723,218,25,13541
153.516487159062,218,25,13440
153.554698860126,216,25,13361
153.593442868531,216,25,13261
153.632673660227,216,23,13108
153.673588385415,217,23,13001
153.713430995763,217,24,12905
153.753759472918,216,23,12846
153.795189792571,217,23,12755
153.835936849168,213,25,12693
153.876928833242,213,24,12574
153.91732652567,212,24,12452
153.958254252705,211,24,12410
153.998680553989,208,25,12405
154.03987886912,208,24,12393
154.080852801993,208,24,12329
154.121190112286,209,24,12352
154.162930924905,206,24,12256
154.204620814023,206,25,12214
154.244527690297,206,25,12234
154.285169923585,207,25,12301
154.323333662898,208,25,12328
154.362087159649,212,25,12254
154.403087175486,211,25,12285
154.442588381665,210,25,12348
154.482221559102,211,24,12352
154.522923824329,210,24,12383
154.563637140319,211,24,12452
154.605673046172,211,24,12398
154.645983228478,212,25,12419
154.686630462398,212,25,12353
154.725978881331,210,25,12355
154.768469416985,211,21,12278
154.811411318043,210,23,12211
154.855130947908,212,23,12113
154.895618103144,212,23,12053
154.937488718029,214,23,11931
154.981537503503,214,22,11820
155.025262533788,216,22,11832
155.068915101818,216,22,11744
155.110927722037,215,23,11707
155.154969066102,216,23,11747
155.198012003899,217,22,11642
155.241787717317,217,23,11577
155.28377200406,217,22,11669
155.326579580668,215,24,11712
155.368084950551,215,24,11708
155.410604477146,214,24,11734
155.453754916663,214,24,11789
155.494419994492,213,24,11842
155.535478459634,211,24,11842
155.576660346653,210,25,11893
155.617365475566,210,25,11919
155.658193567251,211,26,11920
155.697796802659,210,26,12049
155.73877284361,211,26,12092
155.778491715674,212,26,12125
155.81981141598,212,26,12251
155.860768230257,210,26,12341
155.901543775188,209,25,12318
155.941926732714,205,25,12306
155.982798994539,206,25,12356
156.023083289289,204,26,12399
156.06186119264,204,26,12450
156.101358872329,203,26,12500
156.140683613532,203,26,12526
156.179815277049,204,26,12541
156.2199795339,205,26,12597
156.258714331877,203,25,12642
156.297727230382,205,25,12636
156.337845401808,203,23,12598
156.379146730172,202,22,12474
156.422553753369,203,22,12315
156.46679210271,204,22,12260
156.510983793194,205,22,12149
156.552320620532,206,23,12090
156.596804732343,206,23,12028
156.639299643047,206,23,12015
156.681046050595,207,23,11983
156.723549515235,208,23,11995
156.766964684032,208,22,11946
156.810005348535,207,22,11838
156.856131743458,206,21,11741
156.901865833533,207,21,11694
156.947450310607,208,20,11556
156.9951631837,207,20,11392
157.043185749928,207,20,11333
157.089349517341,206,20,11215
157.136210900444,207,20,11004
157.184807539669,207,20,10937
157.233809017121,210,20,10858
157.282954547429,210,20,10740
157.331763755123,212,20,10684
157.380714687707,212,20,10667
157.428002436093,208,21,10636
157.475618456827,206,22,10602
157.520998944709,204,23,10658
157.566267827286,204,23,10710
157.611931381114,202,23,10799
157.657387305494,203,23,10865
157.700953832083,203,23,10977
157.746452908794,204,22,10960
157.792368524077,203,22,11008
157.838218477769,204,22,10972
157.884598805077,203,22,10988
157.928170695723,205,23,11102
157.972853646888,204,23,11174
158.018518629144,206,22,11105
158.063596645402,206,22,11149
158.110176759535,208,21,11151
158.155577952762,206,23,11111
158.19983008179,204,24,11128
158.242713099006,204,23,11179
158.287592400235,204,23,11232
158.330300586425,203,23,11190
158.374348997842,204,23,11250
158.418426960905,206,23,11314
158.463119178633,205,23,11301
158.50731856738,205,24,11304
158.549643798724,204,24,11389
158.591529727853,207,24,11484
158.63281020291,206,24,11524
158.675848283018,208,23,11510
158.719891832602,207,23,11526
158.764452615411,208,23,11469
158.807072014345,207,23,11421
158.851522844155,207,23,11395
158.894683085827,205,25,11416
158.934277861535,204,24,11546
158.977979730719,205,24,11614
159.020753101908,204,24,11549
159.06328766737,204,23,11602
159.104909548317,204,24,11625
159.146699220813,202,25,11757
159.18917704254,201,25,11841
159.230058308511,201,25,11915
159.27058250875,200,25,11887
159.312254980351,200,25,11945
159.351893090867,201,25,11977
159.392394697238,202,26,11974
159.432170109267,202,26,12100
159.472188873767,201,26,12226
159.512730718334,201,26,12308
159.551933358197,200,26,12434
159.591003163552,201,26,12495
159.629126503625,203,26,12546
159.667538120252,202,25,12545
159.707400326131,203,25,12506
159.748101143688,203,25,12503
159.788085828748,204,25,12504
159.827141081318,205,25,12439
159.867985942164,204,26,12455
159.907189517479,202,27,12539
159.944151417371,204,26,12570
159.984901900847,206,26,12682
160.024262281352,206,26,12730
160.063512261634,207,26,12810
160.102258778604,207,26,12817
160.140800510707,211,26,12769
160.180687634428,211,26,12751
160.220350149042,209,26,12801
160.259137481892,209,26,12746
160.298260536083,207,27,12817
160.336588714802,209,27,12789
160.375042396338,212,26,12845
160.414535531928,216,26,12899
160.452438015864,217,26,12934
160.491180017866,218,26,12936
160.529270550809,219,26,13015
160.567602015071,221,26,12988
160.608906076346,221,25,13005
160.647083291507,222,25,12934
160.685592293242,218,26,12919
160.724157384484,219,26,12939
160.761733377335,218,26,13073
160.801717422073,217,25,13072
160.841315790237,217,25,12961
160.87961823358,218,25,12945
160.919434044907,217,24,12945
160.95848433155,218,24,12928
160.996938715118,218,23,12836
161.036948880912,218,24,12618
161.075668143868,220,26,12650
161.114101487822,222,26,12675
161.152782259128,222,26,12732
161.191155328365,221,26,12707
161.229500050855,221,26,12771
161.269513487221,221,27,12824
161.308018717037,222,26,12806
161.346951838052,219,26,12860
161.387075550668,220,26,12939
161.426722557491,221,26,13028
161.46560931826,223,25,12965
161.504154565983,224,25,12897
161.544426272894,223,25,12884
161.584348473261,224,25,12832
161.622706046417,222,27,12894
161.660730149385,224,28,13024
161.698709711943,224,27,13152
161.737010069155,224,28,13180
161.774191260472,225,28,13257
161.808587814533,226,28,13256
161.845059467449,226,29,13290
161.882106761958,225,30,13397
161.916278580875,226,30,13460
161.952667099423,227,30,13577
161.988207322183,226,29,13671
162.023587047076,226,29,13777
162.058618119032,223,28,13804
162.093439366675,222,28,13856
162.129325650008,220,28,13880
162.165367501545,219,27,13871
162.202988105492,219,27,13898
162.24151506624,217,27,13830
162.278044512157,216,26,13836
162.314703333872,217,26,13844
162.352490320665,216,27,13821
162.389534128674,217,27,13732
162.427236423179,218,26,13702
162.465191166214,217,26,13646
162.50262330451,215,26,13650
162.541338177821,214,26,13636
162.579641286035,214,26,13599
162.617222132203,213,27,13518
162.653420228466,215,27,13534
162.690231380745,217,27,13430
162.727542641099,216,27,13468
162.765465126865,215,26,13415
162.804648239516,217,25,13339
162.844329036364,216,25,13364
162.882159338978,216,25,13356
162.919872908266,217,24,13280
162.958665289618,215,24,13225
162.998530854698,212,24,13172
163.038065237194,210,25,13125
163.076883225807,211,24,13179
163.117579531783,212,24,13059
163.15715532855,214,24,12977
163.19851334588,214,24,12856
163.238815798771,215,23,12714
163.27876825294,216,23,12620
163.320545580758,217,21,12484
163.364084863355,217,21,12320
163.406866695319,216,22,12127
163.451433986322,214,22,12021
163.493788892319,213,22,11919
163.538160446065,213,22,11861
163.582008474336,213,22,11783
163.626199495354,211,21,11670
163.669723258337,212,21,11629
163.716049557255,211,21,11563
163.761462540798,211,22,11537
163.805956115768,211,22,11495
163.850993188261,210,22,11401
163.895264085937,207,24,11449
163.938714070076,206,25,11590
163.98058103053,206,25,11654
164.0230093647,206,25,11707
164.064590509845,207,25,11760
164.106625291567,209,25,11804
164.147918309078,209,25,11842
164.187721232923,207,26,11930
164.228805049644,206,26,12040
164.268469531565,207,27,12165
164.308255371685,207,26,12317
164.348633224242,208,26,12408
164.387898533001,207,26,12429
164.427365969116,208,25,12505
164.466666683454,210,25,12455
164.50660800724,211,25,12484
164.545324524845,208,27,12598
164.583787097802,210,27,12614
164.620693672196,212,27,12778
164.658083010596,211,27,12796
164.695652815248,212,28,12831
164.732421984307,212,28,12887
164.769352283915,213,28,12917
164.805708235589,212,27,13037
164.843598952899,211,26,13101
164.883618525395,211,25,13007
164.923403872514,211,25,12954
164.963125070668,211,25,12982
165.002487768288,211,24,12963
165.043540288898,211,25,12885
165.081801476626,211,25,12865
165.121376611374,212,25,12738
165.162242335701,213,24,12658
165.205151613304,213,24,12577
165.246487805021,214,24,12524
165.285779850026,211,24,12446
165.326464265827,211,23,12468
165.368840069992,211,23,12386
165.410968607479,208,23,12350
165.453415444241,208,23,12308
165.494205635979,210,23,12234
165.537545824589,212,22,12155
165.581917127091,212,22,12073
165.624966917645,210,22,12045
165.667476986568,209,22,11986
165.711495711854,211,22,11874
165.754624454896,213,22,11833
165.798136457433,213,22,11765
165.841719194554,214,22,11716
165.885319472115,214,21,11650
165.931671986622,216,21,11551
165.977706867938,216,21,11515
166.022981165849,216,21,11426
166.067498855193,216,21,11361
166.113009186334,214,21,11290
166.160444575,212,21,11173
166.206068243009,213,22,11126
166.252030684608,214,21,11132
166.297376673412,213,22,11185
166.342859639917,213,22,11165
166.387993244373,213,22,11157
166.433858452554,214,22,11184
166.479405591715,215,22,11211
166.524736857991,219,20,11151
166.571151938408,218,21,11112
166.617170109574,217,21,11092
166.664076299468,216,22,11061
166.70969057917,216,22,11108
166.754255102337,215,23,11101
166.798109676362,215,25,11109
166.841597293132,214,25,11229
166.883561310191,213,26,11354
166.924299149981,214,25,11412
166.966148848351,213,26,11505
167.008710723376,213,26,11661
167.050296744427,212,25,11696
167.090463935085,210,28,11807
167.130227170571,211,26,12000
167.171330358184,209,26,12058
167.211744777169,211,26,12090
167.251714909863,212,26,12209
167.292769067928,214,26,12171
167.330954584721,213,26,12271
167.369544669979,212,27,12288
167.409323038948,211,27,12418
167.448384513513,212,27,12538
167.485174355263,212,27,12572
167.524544857413,211,28,12657
167.563303667721,214,28,12834
167.600175357587,216,27,12995
167.638754069334,216,27,13042
167.677050799901,218,26,13047
167.714893808061,218,26,12993
167.754193670694,219,26,12962
167.79295190092,218,26,13022
167.83212767565,217,25,13014
167.870470409417,217,26,12958
167.909102351854,213,26,12960
167.947109879057,213,26,12990
167.985264980392,212,26,12973
168.024007752719,213,26,12944
168.061941180088,215,26,13016
168.100900592072,213,27,13102
168.138553620452,213,26,13148
168.176791975867,214,26,13153
168.214748873207,213,26,13211
168.253479600608,214,25,13191
168.293151753271,215,24,13176
168.333125441275,211,24,13013
168.372080387376,211,24,12985
168.412669041854,211,25,12959
168.452083046276,211,25,12939
168.491141243034,213,26,12879
168.529178299289,213,26,12848
168.56762705151,212,26,12754
168.606653228069,211,28,12854
168.6454617005,210,28,12948
168.680459915566,210,28,13041
168.716426119793,211,28,13105
168.752594316815,212,28,13203
168.789215289589,209,28,13327
168.826799632577,210,27,13327
168.865717263944,212,27,13417
168.903286312373,215,27,13396
168.940238879262,216,27,13385
168.978040627897,217,27,13366
169.015419696405,216,27,13386
169.053243679987,213,28,13446
169.090278965466,213,28,13453
169.128314908679,213,27,13424
169.164974420949,216,27,13437
169.200228065434,214,28,13510
169.236743008392,213,28,13546
169.274115772694,212,28,13604
169.309971657325,212,28,13610
169.346776355475,211,26,13605
169.386273325639,211,25,13489
169.426571088587,211,24,13404
169.464572036549,211,25,13289
169.503850590025,210,25,13156
169.542468896002,210,25,13196
169.580331113594,211,25,13191
169.617531201334,210,25,13086
169.657602326968,211,25,13055
169.695938148993,213,26,13089
169.735246805409,211,26,13075
169.773547819512,211,26,13025
169.811999625516,210,26,13057
169.851674961714,209,26,13063
169.889822657656,209,26,13090
169.926679908533,210,26,13091
169.964092681537,211,26,13086
170.00151097572,211,26,13012
170.039866164647,211,26,12990
170.08009176114,209,24,12912
170.119079164192,209,24,12864
170.156403759449,208,26,12924
170.198891558367,208,22,12880
170.242242477424,210,22,12686
170.282532747051,208,24,12663
170.323585777847,207,25,12625
170.361681285573,205,25,12627
170.400492413751,206,25,12676
170.440321691713,208,24,12569
170.479916827775,211,24,12498
170.52112261924,212,24,12383
170.562531689514,211,26,12426
170.60214593754,213,26,12500
170.640890509253,215,26,12574
170.679872735854,218,26,12655
170.719921962241,217,25,12714
170.76008932147,215,25,12684
170.799625099324,216,25,12618
170.840290749563,217,25,12551
170.880493324876,219,25,12574
170.921529557317,220,24,12532
170.962364407772,220,23,12397
171.00490750416,218,24,12356
171.044603549703,217,25,12423
171.085628267105,218,25,12502
171.125828830944,220,25,12477
171.166303284061,222,25,12547
171.205077171644,220,27,12567
171.244255341097,221,25,12576
171.28345820397,221,25,12597
171.322478534421,223,25,12555
171.363270805587,223,25,12489
171.402765969321,222,26,12577
171.441421461672,221,26,12549
171.480579556176,221,25,12527
171.520749565588,220,25,12487
171.561410754098,219,25,12530
171.602229806728,220,24,12563
171.643650915133,219,24,12473
171.683983069073,219,24,12407
171.723655150993,218,24,12400
171.764172327794,217,24,12390
171.803753166097,215,24,12376
171.845638346301,214,24,12276
171.886173566312,213,25,12200
171.927576164872,214,25,12265
171.969999611662,215,25,12338
172.009850590403,215,26,12397
172.049603471323,216,26,12455
172.088456025697,218,26,12513
172.128808368288,216,26,12535
172.168125350329,218,26,12526
172.209142109655,218,24,12589
172.250250190339,217,24,12555
172.290438033861,216,24,12462
172.332921752177,216,24,12529
172.372744646638,216,24,12491
172.412007701142,218,25,12535
172.451100668566,217,25,12521
172.491605922987,216,24,12442
172.532056760106,215,24,12446
172.572353512557,215,24,12349
172.614222830925,217,24,12309
172.653558033473,215,25,12290
172.694609249244,217,25,12325
172.734207093504,217,26,12366
172.773962791975,217,26,12472
172.814037463015,219,26,12468
172.854226607062,220,27,12494
172.893468807051,222,27,12576
172.932900789917,222,27,12664
172.971522658345,224,29,12738
173.007463159038,222,29,12904
173.042771716939,224,29,13020
173.079273572744,223,29,13152
173.114902383033,224,29,13154
173.15169774222,223,28,13260
173.188209848159,223,28,13296
173.224412982542,223,28,13308
173.261525127511,225,27,13342
173.297315714114,225,28,13393
173.332698046095,226,28,13384
173.370002842489,225,28,13421
173.407273950137,228,28,13464
173.445319782138,229,28,13597
173.482262465241,229,28,13654
173.519201968274,233,28,13712
173.555605612176,232,29,13721
173.592943961684,233,29,13722
173.629623223623,232,29,13740
173.665105174513,233,28,13802
173.702472001923,234,28,13826
173.739302583027,234,28,13841
173.774129887717,233,28,13797
173.810813827532,234,28,13784
173.846195573931,236,28,13858
173.880696722133,235,28,13858
173.914911043728,237,28,13938
173.95155122693,237,28,13850
173.987144365954,237,28,13901
174.023199333781,236,29,13965
174.058221114774,238,28,13984
174.093481126528,238,28,14006
174.129449890059,240,28,14041
174.16539592982,239,28,14022
174.201357517642,241,28,14034
174.237416038216,241,28,13966
174.273036968578,238,29,13943
174.30729984352,238,30,13996
174.341222112129,236,30,14036
174.376537544319,235,30,14126
174.41204763923,236,30,14137
174.446468232178,235,30,14221
174.48005412278,236,30,14324
174.514795262113,235,30,14344
174.547661857426,235,28,14334
174.582914010883,232,29,14331
174.619956529462,232,29,14381
174.654501571907,231,29,14332
174.690082206594,230,29,14369
174.72533737924,229,28,14394
174.761145287165,229,28,14353
174.795873732105,231,28,14330
174.831324993682,227,29,14293
174.86629222793,225,29,14349
174.902044868287,226,29,14417
174.935151206253,228,29,14344
174.96836612044,227,29,14374
175.003105931959,228,29,14352
175.037149135446,229,29,14383
175.071902842226,227,29,14403
175.1073173652,226,28,14382
175.14286731784,228,27,14357
175.17966499721,230,26,14324
175.2166808369,233,26,14249
175.251904908696,233,26,14143
175.288630130899,233,26,14027
175.325567364135,233,27,13918
175.361999442025,235,27,13964
175.398143454163,234,28,13941
175.434195953496,235,28,13930
175.471610080265,236,27,13896
175.508819320649,237,27,13915
175.544399739701,234,28,13846
175.581318335436,234,28,13881
175.616709064664,236,29,13969
175.65165609561,236,29,13954
175.687548391452,238,29,13994
175.722241749265,237,28,13988
175.757976693958,236,28,13945
175.793755366568,235,28,13959
175.828784898027,235,27,13929
175.865149337478,236,27,13864
175.903051558799,235,26,13898
175.939937587815,234,26,13906
175.978067584409,235,26,13752
176.016750020321,236,26,13789
176.055390892166,237,27,13678
176.091782140197,235,28,13727
176.127277726638,233,29,13700
176.163802030271,232,29,13780
176.198952123064,229,29,13850
176.233941115588,229,28,13846
176.269846181646,228,28,13836
176.305332177818,228,28,13869
176.341354985277,229,28,13924
176.376479613921,231,28,13975
176.413143410467,229,28,13999
176.449142926674,229,28,13956
176.48481311576,229,28,13982
176.521685153421,232,28,13901
176.558531446199,231,27,13880
176.59402702868,230,27,13858
176.630425466476,229,27,13826
176.667528053482,228,27,13815
176.704260887128,227,27,13775
176.741275961558,226,27,13794
176.778276816257,226,27,13712
176.815688304865,227,27,13787
176.853249616077,229,27,13791
176.889328684186,227,27,13767
176.926584674909,230,27,13705
176.964463423229,231,27,13716
177.001757268056,230,26,13719
177.03860385686,234,26,13677
177.076154327926,231,26,13693
177.113068486377,232,26,13630
177.150653257435,234,26,13654
177.189262818337,233,27,13581
177.226818551188,232,28,13501
177.260900240382,232,29,13564
177.296061101732,232,29,13664
177.331403863958,233,29,13650
177.366062782444,233,29,13756
177.401580531542,234,29,13775
177.437344983956,233,30,13851
177.47148783384,234,31,13954
177.506323496322,235,30,14036
177.540450290506,235,30,14094
177.57467452593,236,31,14185
177.60942471307,236,30,14273
177.644440809584,239,30,14374
177.67798665035,239,30,14389
177.713571957052,238,30,14421
177.748263019163,237,29,14453
177.780201450861,236,31,14561
177.81351837635,236,30,14574
177.847368733303,236,29,14556
177.882024417171,235,29,14534
177.917922735214,234,28,14547
177.951960189097,236,28,14553
177.987225606668,237,28,14498
178.023978662411,238,26,14407
178.062027426116,239,26,14318
178.098726844197,239,26,14179
178.135267623004,240,25,13999
178.172572535755,238,26,13848
178.208826302642,236,27,13821
178.245903642664,237,27,13774
178.282663092513,239,27,13738
178.321299325543,240,27,13787
178.357364103792,239,26,13774
178.39603609783,239,25,13748
178.433402847353,239,25,13771
178.471580819384,239,25,13739
178.508176047751,239,25,13674
178.546160943315,238,24,13563
178.586303985585,238,24,13447
178.624033294098,238,24,13394
178.662950062676,237,23,13321
178.703249731926,237,23,13199
178.743933408668,237,23,13048
178.783912708317,239,23,12908
178.826966792889,239,22,12704
178.86827441647,236,22,12626
178.909583070057,237,22,12483
178.952024567414,238,22,12364
178.993733613602,236,23,12381
179.034227542613,236,22,12321
179.077115368092,237,22,12223
179.121154941068,241,21,12076
179.165568237099,240,21,12000
179.209964995008,239,22,11854
179.254267102854,235,22,11798
179.299340324057,235,21,11769
179.344962571659,233,20,11598
179.390544667155,234,21,11503
179.436459287609,233,21,11413
179.482767999739,233,21,11271
179.52980257769,234,21,11197
179.57622833004,233,22,11200
179.620195723634,233,22,11209
179.665719361767,233,21,11179
179.712180832565,231,21,11115
179.758177440064,230,22,11103
179.802734382266,231,22,11068
179.84876599671,232,22,11082
179.895612392467,231,21,11024
179.941992570997,230,22,10994
179.986416359049,232,22,10978
180.031313556509,233,21,10854
180.077994920299,233,20,10820
180.124670093962,237,20,10772
180.171664092963,237,20,10740
180.221232390779,237,20,10605
180.272024371146,235,21,10635
180.319916869205,235,22,10708
180.366438638675,235,23,10814
180.41070824289,237,23,10854
180.45494751049,239,24,10910
180.498846954036,239,23,10999
180.543027512616,236,24,11126
180.586808033709,235,25,11231
180.628481457289,236,25,11352
180.671518708832,236,23,11345
180.714847632018,237,23,11376
180.758000996697,235,23,11407
180.800349800174,232,25,11476
180.843959791422,232,25,11570
180.886320367841,232,25,11673
180.929129829945,233,25,11790
180.968642553424,237,25,11766
181.010751294393,239,25,11881
181.051151229234,241,25,11930
181.092991681031,242,25,11973
181.132096228297,244,25,11985
181.17058363723,245,25,12042
181.210213122621,246,25,12084
181.25281296747,246,25,12117
181.291796023983,245,26,12156
181.329767034685,245,26,12207
181.369648770027,242,26,12252
181.410636248661,243,26,12379
181.450118008112,242,26,12432
181.487724951864,239,27,12433
181.527151099667,240,27,12488
181.565136788467,241,27,12617
181.604541615133,240,28,12797
181.641178150057,241,28,12936
181.679020181061,242,28,12999
181.714892251733,242,31,13095
181.748782108486,243,31,13222
181.78391664841,239,32,13381
181.818352091288,239,33,13573
181.852146535719,241,33,13803
181.884321660354,240,33,13987
181.91601761672,238,34,14158
181.946736079434,238,35,14348
181.978633492526,239,34,14484
182.010696365876,238,34,14628
182.042433294581,236,34,14858
182.074000774967,235,34,14980
182.105399066611,235,34,15103
182.136321242363,235,34,15190
182.167141855285,235,34,15286
182.198567946282,236,34,15446
182.229999828522,237,34,15547
182.260616972174,237,34,15728
182.291664252702,236,34,15796
182.322569577475,237,32,15849
182.354037645297,236,31,15798
182.38681299377,239,31,15791
182.418625167789,239,31,15772
182.451862663393,240,31,15703
182.482919975788,241,31,15711
182.514206932204,238,32,15716
182.546133509284,240,32,15692
182.577346544349,238,32,15698
182.607571000985,238,32,15694
182.638338008051,238,32,15768
182.669278107734,236,32,15848
182.699773525973,238,31,15803
182.7333683891,237,32,15830
182.765166788587,237,31,15787
182.797492938549,238,31,15816
182.830345190737,237,31,15833
182.862252209297,235,31,15791
182.893559153041,235,31,15695
182.926200251419,234,31,15699
182.958548341189,232,31,15599
182.989964368516,232,32,15603
183.021019592863,230,32,15626
183.051935406613,232,32,15601
183.082796671051,233,32,15686
183.114951146102,233,32,15725
183.145653555683,231,33,15764
183.177465053342,231,33,15846
183.209734989585,231,33,15816
183.240180028042,229,33,15862
183.27023433707,228,33,15888
183.300490230598,229,33,15983
183.331792944998,230,33,15989
183.362031494919,229,34,16063
183.392264546918,228,34,16068
183.421785970832,227,34,16099
183.452281137092,226,35,16046
183.481201358147,227,34,16144
183.512092530245,227,35,16184
183.541721822188,224,36,16263
183.571373875272,225,36,16370
183.599804679924,225,36,16433
183.628332937349,227,36,16560
183.65686602822,226,36,16664
183.685072181357,225,36,16718
183.713221579834,229,35,16827
183.742640203377,230,35,16847
183.771888213278,228,34,16876
183.801614705335,227,34,16914
183.830239535582,228,34,16891
183.85966580253,227,34,16860
183.889824144832,227,33,16942
183.920885421911,226,33,16933
183.950327357436,226,33,16885
183.979829310068,228,33,16881
184.010615167876,227,34,16894
184.040374307324,225,34,16905
184.069937425657,224,36,16880
184.098126416154,225,35,16929
184.127490869298,220,36,16995
184.156626178893,219,36,17047
184.185323166969,219,35,17164
184.215055412298,218,35,17202
184.242984626327,217,35,17214
184.271163461521,212,35,17284
184.300541285209,211,34,17217
184.329921673084,212,34,17165
184.359990405032,212,33,17190
184.388720082743,213,33,17171
184.417966102114,214,33,17175
184.44815490693,214,33,17145
184.47873734041,214,33,17157
184.507895605327,212,34,17140
184.536803586201,212,34,17105
184.565309643291,214,34,17075
184.594981638215,210,32,16989
184.626313084408,211,30,16890
184.657730505977,211,30,16799
184.689752001754,210,29,16728
184.722523370663,210,29,16671
184.754038858542,208,28,16520
184.786711506311,209,28,16315
184.81942070623,208,27,16228
184.853434093703,210,27,16078
184.886629679943,211,28,16037
184.918683260817,210,29,15886
184.951053856818,209,29,15814
184.983752868339,210,28,15698
185.017078634623,209,29,15638
185.050515141035,208,29,15584
185.084017709396,205,29,15494
185.120331810881,204,28,15480
185.153784907743,205,27,15334
185.189126057551,207,26,15263
185.225890981621,206,26,15057
185.261273230449,203,24,14811
185.29751740357,204,24,14628
185.335166702745,204,24,14332
185.373349778532,203,25,14179
185.411622354335,203,24,14058
185.450480575619,202,24,13901
185.489665690909,201,24,13753
185.529205515656,201,24,13628
185.570498167744,200,24,13533
185.609337100648,200,24,13367
185.650013761552,201,24,13220
185.688470388647,199,23,13103
185.729585602961,199,22,13031
185.771079491742,198,22,12801
185.814935089387,197,21,12662
185.859808858769,198,21,12405
185.902853564746,198,21,12187
185.945714033393,197,22,12083
185.988658027362,196,23,11958
186.031695720701,196,23,11880
186.077298506155,195,22,11805
186.121849207831,192,22,11713
186.16649546121,190,23,11619
186.211341651825,192,23,11641
186.255303596541,191,23,11645
186.297956519724,189,25,11701
186.338494519375,187,28,11803
186.376091425561,186,28,12017
186.414164633368,184,28,12193
186.4518281642,184,28,12349
186.491182192782,187,28,12432
186.528715908166,186,28,12497
186.566535476427,186,28,12563
186.604578809842,185,29,12659
186.640650799361,185,29,12739
186.678403712482,185,28,12794
186.714531934592,188,28,12917
186.751429845339,189,27,13017
186.788666992535,190,28,13028
186.825423005354,191,27,13055
186.861030593006,191,27,13105
186.898187946473,191,27,13145
186.933090219418,189,29,13244
186.969295044081,188,29,13364
187.005983190729,187,29,13498
187.041739443811,186,30,13620
187.07659518742,188,30,13696
187.112604801566,188,30,13794
187.146235616673,187,30,13850
187.180322452986,188,29,13882
187.215923082266,187,30,13925
187.249590366371,187,30,13932
187.284276259436,187,29,13977
187.319247800688,189,28,13992
187.355825333914,189,28,13998
187.391823309471,190,28,14033
187.426706440733,190,29,14035
187.460678013903,189,29,14091
187.49497067775,189,29,14127
187.530842120259,188,29,14139
187.564937475632,189,29,14187
187.599661871163,189,28,14235
187.634891228396,191,27,14258
187.671470100405,191,27,14268
187.706478006949,194,27,14287
187.743323879413,194,27,14248
187.77989935832,191,27,14188
187.816618479094,191,27,14143
187.85242122342,192,27,14088
187.891182680536,193,27,14003
187.926793830746,193,27,13986
187.96361970755,193,27,13990
188.000840405305,193,27,13923
188.036455309318,194,27,13928
188.073109182664,194,27,13909
188.108894546029,196,26,13933
188.146263229862,197,26,14008
188.183871610037,198,26,13892
188.220171941286,196,27,13772
188.257923506251,196,27,13848
188.294778907097,197,27,13840
188.331434010152,199,27,13863
188.368662942847,200,26,13811
188.405120120713,199,26,13794
188.445025403148,200,26,13739
188.48134636455,199,28,13732
188.517372702721,198,27,13766
188.554568301472,199,27,13798
188.591342563916,198,26,13731
188.628614763556,198,26,13670
188.66628501466,197,25,13529
188.705040124427,198,25,13426
188.746019434697,199,24,13374
188.786804799717,203,23,13195
188.828802276795,204,23,13048
188.870465688295,205,23,12985
188.910860212686,204,23,12887
188.952391527485,204,23,12759
188.993517409827,205,23,12703
189.034369944847,206,22,12597
189.078833429339,204,22,12497
189.121915484948,204,22,12381
189.164894176975,203,22,12327
189.208274007406,202,22,12281
189.250272422786,201,22,12185
189.29321413505,200,22,12091
189.338563162783,201,21,12028
189.383087710738,200,21,11868
189.427165605071,204,21,11683
189.472690066354,203,20,11510
189.519716468393,203,20,11398
189.566490989517,203,21,11253
189.613632547593,202,21,11162
189.660933356337,201,21,11068
189.707022274287,203,21,11032
189.753406616486,201,20,10999
189.803756302408,201,19,10864
189.853869046234,200,18,10692
189.904816175701,200,16,10518
189.958500631604,200,16,10235
190.013201293644,198,17,10118
190.068992493744,199,16,9928
190.124981750976,198,17,9794
190.179942966876,197,17,9694
190.237000079107,198,17,9616
190.293195298437,197,17,9586
190.346574906671,199,17,9513
190.401167245131,199,18,9567
190.45299848436,201,18,9515
190.507843583186,201,19,9424
190.559398496444,202,19,9469
190.614205958887,203,18,9414
190.67006032994,203,18,9334
190.724119958009,202,18,9210
190.77895735377,202,18,9183
190.834874947013,201,16,9154
190.893343066206,203,17,9027
190.955653127454,202,16,8878
191.017463874952,204,15,8683
191.080238981877,205,15,8538
191.143040435694,205,15,8466
191.206125823683,205,16,8372
191.265604309499,202,17,8343
191.325012728986,200,18,8457
191.380600245734,199,19,8568
191.435003098186,198,19,8656
191.493853195452,197,17,8660
191.551963310684,198,17,8652
191.611343931818,199,17,8685
191.669772278666,200,17,8571
191.727133274247,199,19,8630
191.78328830943,199,19,8698
191.835730392391,200,19,8835
191.890820498765,199,19,8947
191.94677649684,199,19,9036
192.000179799818,199,20,9118
192.053431231136,199,20,9161
192.107527858803,199,20,9294
192.16033230693,199,20,9358
192.211476397188,199,20,9456
192.262134520422,202,20,9550
192.312071697457,202,20,9618
192.364750700552,205,20,9686
192.416036167355,204,19,9681
192.467053547654,206,19,9693
192.520753640311,208,19,9708
192.574309010249,207,20,9728
192.623166486613,208,20,9727
192.673646890518,205,21,9787
192.724432470678,205,21,9781
192.773327327323,207,21,9991
192.823403561844,207,22,10157
192.871433841754,208,22,10206
192.918806099897,207,23,10270
192.963705148724,209,23,10338
193.00849145825,209,23,10497
193.054259474882,206,24,10648
193.0971968094,205,24,10782
193.140110541431,205,25,10849
193.182812992812,203,25,10925
193.224714379446,203,25,11123
193.26694926475,203,25,11275
193.308854754661,204,24,11352
193.353218931039,205,24,11417
193.394407920789,205,24,11534
193.436635558907,208,24,11591
193.479541199459,208,25,11671
193.521856349746,207,25,11745
193.56378473379,207,24,11766
193.605379828077,206,24,11789
193.646644559206,207,24,11853
193.688941852625,207,23,11826
193.732837250216,207,23,11870
193.776244570984,208,23,11895
193.819472964009,208,23,11943
193.863609048025,211,22,11905
193.908022885678,211,22,11830
193.950352384593,212,23,11721
193.993994141724,214,22,11710
194.03827954354,216,21,11641
194.084250002173,214,22,11606
194.127776380333,215,22,11552
194.172711826736,215,22,11500
194.217587372119,216,21,11388
194.263799516998,214,21,11362
194.310919551447,214,21,11350
194.357351754946,212,21,11250
194.404332133119,213,21,11117
194.450010372831,212,21,11077
194.497191191171,213,21,11035
194.543916936715,211,21,11007
194.591207482257,207,21,10965
194.637365650996,208,21,10905
194.684388846922,209,21,10930
194.73169073398,210,22,11001
194.777476621347,208,21,10989
194.823678747345,207,21,10932
194.87130271547,206,23,10893
194.91733308828,205,25,11010
194.958204677647,206,26,11149
194.999399716856,203,26,11223
195.040076105609,202,27,11361
195.080414853949,202,27,11576
195.120081958768,204,25,11596
195.161156892284,204,24,11703
195.202482601371,203,25,11698
195.244277932295,203,25,11774
195.284770953094,204,24,11846
195.327513234036,207,24,11883
195.368971592826,206,23,11914
195.411343931019,204,23,11920
195.455198740789,208,22,11827
195.497059151142,204,23,11731
195.539463125158,203,23,11731
195.583027109491,202,23,11717
195.626865055684,202,24,11823
195.669712147862,201,25,11866
195.712040833082,203,25,11930
195.753359590405,206,23,11972
195.794479920015,204,23,11838
195.838257861541,203,22,11836
195.880336374921,202,22,11746
195.923225509071,203,23,11766
195.965922509522,203,24,11813
196.00699957216,204,24,11910
196.049052311292,205,24,11954
196.089011683155,205,24,11938
196.129644180606,207,24,11954
196.170899620427,208,24,12019
196.213212333839,208,24,12064
196.254997887606,207,24,12068
196.295573461568,207,24,12079
196.337212111612,208,24,12078
196.378627395049,207,25,11985
196.41904819701,205,26,12040
196.459709661924,206,24,12049
196.503094189371,207,24,12038
196.545094514999,207,24,12070
196.586808817008,210,24,12165
196.627984548917,208,24,12145
196.66882435143,208,24,12112
196.710808888667,207,24,12056
196.752858100255,205,25,12056
196.793647889581,208,25,12059
196.835703509664,210,24,12088
196.878170267139,208,25,12080
196.91924750386,208,25,12116
196.959519509144,205,26,12197
196.999707894972,205,26,12190
197.039952386451,206,26,12239
197.080885426852,206,24,12295
197.122058558583,204,23,12190
197.164642577267,205,23,12165
197.20871057655,206,23,12082
197.250467244597,207,23,12003
197.29228796429,205,23,11963
197.335612874309,207,23,11891
197.379150147229,210,23,11923
197.423913644428,213,22,11895
197.467759868768,215,22,11845
197.510771250973,216,22,11764
197.553884465517,218,22,11788
197.597824899127,219,22,11681
197.640262545225,220,21,11635
197.685098538836,220,21,11531
197.729355772209,219,21,11456
197.776407192256,217,19,11399
197.82550228683,215,19,11192
197.874373307897,215,19,11019
197.922831110666,216,19,10846
197.973841601352,216,18,10659
198.024046538904,216,18,10522
198.07401990535,215,18,10440
198.12760709316,212,17,10233
198.182615017993,212,17,10065
198.236941076999,213,17,9916
198.291602144431,212,17,9827
198.346307710106,212,17,9690
198.401892931159,213,15,9471
198.462632254982,211,15,9155
198.523782810464,211,15,8942
198.585858926711,212,15,8799
198.646992381479,212,15,8726
198.708550191457,212,16,8549
198.768993975467,213,16,8486
198.830152082516,213,17,8466
198.892581390974,213,15,8322
198.955512579351,213,16,8314
199.013119751055,213,18,8390
199.070376989491,212,18,8411
199.127412010076,212,18,8457
199.181840606355,211,18,8475
199.24034681589,211,18,8543
199.297336281643,214,18,8614
199.355664295031,213,17,8630
199.415420252908,212,16,8615
199.480169374527,214,15,8529
199.542774156518,214,16,8469
199.602048014514,214,17,8450
199.658467289187,215,17,8497
199.715414172828,215,17,8477
199.773796384367,215,18,8562
199.832131321716,214,19,8629
199.886091207261,215,17,8652
199.944366918281,213,17,8631
