"time","GEN","TEM","STRUCT"
0,1,1,1
1.22522432284667,4,1,493
2.28136538853369,7,1,434
3.31426665278681,8,1,489
4.17204604669196,7,2,690
4.71852841949794,8,2,887
5.24692234905812,8,2,937
5.75724624655855,10,2,1005
6.27683079554229,11,2,1020
6.75504977333935,12,2,1007
7.24381416299206,13,2,1070
7.7362978472357,15,2,1042
8.22560823097288,16,2,1089
8.72424128118846,17,2,1033
9.21513954275198,17,2,965
9.56073690755465,15,4,1369
9.84031590948326,16,4,1656
10.120937852339,19,4,1815
10.3847637436118,20,4,1908
10.631250052994,19,4,1973
10.8794748461326,20,4,1966
11.1066251509372,21,5,2151
11.3150957048594,21,5,2278
11.5190677898731,22,6,2381
11.7002252872144,24,6,2645
11.8698603000774,23,8,2790
12.0102055318519,23,8,3120
12.1378727684059,23,9,3398
12.2618285150838,24,8,3606
12.391661132195,25,8,3669
12.520373560913,25,9,3829
12.6447215515253,25,9,3879
12.7702457604883,27,8,3950
12.898730078565,27,8,3970
13.0232549616873,28,8,3999
13.1551221830189,30,8,4001
13.2805063542678,31,8,3962
13.4070853197994,31,8,4052
13.5356978811391,32,8,4013
13.6631926009698,32,8,4010
13.795010003266,35,6,3857
13.943618671892,37,6,3633
14.0976746357526,37,6,3441
14.2538745558288,39,6,3344
14.4042867770641,40,6,3323
14.5677684137326,40,5,3110
14.7469022438295,41,5,2935
14.9311020132348,43,5,2867
15.1196671447805,45,5,2783
15.323401871101,45,4,2626
15.5703426267311,45,4,2237
15.7934878388206,46,4,2178
16.0248281999129,45,5,2217
16.2208112143991,47,5,2400
16.425196241311,48,5,2477
16.6286960592933,49,5,2442
16.8112880766329,48,7,2701
16.9692881069733,50,7,2919
17.1230165575777,51,6,3103
17.2838761964679,52,6,3108
17.4533778422588,52,6,3053
17.6206291074342,53,6,3042
17.7879473881496,54,6,3071
17.9592173861001,55,5,3053
18.1420638304723,55,5,2869
18.3278882053318,57,5,2737
18.5346027771943,58,3,2484
18.7930700684057,59,3,2009
19.0397070316217,57,5,2133
19.2533372383066,57,5,2265
19.4626136584304,57,5,2381
19.6632780068725,58,5,2458
19.8616023226338,60,5,2534
20.0606393549621,61,5,2523
20.2648456396579,62,5,2440
20.4657489128798,65,5,2401
20.6704889397988,65,6,2504
20.8498974722715,65,6,2627
21.0128700485071,64,7,2792
21.1722095811188,64,7,2999
21.3194558079153,64,7,3183
21.4724998306361,66,7,3322
21.6221200509098,66,7,3311
21.7752548861767,67,7,3334
21.9218786668671,67,6,3301
22.0710918435758,67,7,3377
22.2154783134231,70,7,3462
22.3623563258886,72,8,3510
22.4982425342489,71,8,3586
22.6267970190468,72,7,3720
22.763811042353,75,7,3639
22.9104519988878,74,7,3613
23.0511371920861,75,7,3533
23.1917618066708,77,7,3569
23.3276165420118,76,8,3687
23.4591599059441,75,8,3787
23.5876708896494,76,8,3868
23.7258104712997,77,6,3665
23.8784972769438,78,6,3506
24.0387204055266,76,6,3410
24.1964513893945,77,6,3307
24.3642820689214,78,4,3132
24.565264769722,80,4,2704
24.7867770289125,80,4,2450
25.0526384280617,81,3,2022
25.285504045585,80,5,2139
25.4944130524602,80,5,2252
25.6897270302155,80,6,2542
25.8590707323374,79,6,2662
26.0343400722806,79,6,2804
26.2003962850612,79,7,2952
26.353754993179,78,7,3090
26.5111071267784,79,6,3085
26.67407708085,79,6,3041
26.8412159085584,80,6,3065
27.0073144517439,79,6,3007
27.1878921847519,80,5,2877
27.3733372848899,79,6,2826
27.5418124153141,83,6,2834
27.7008331270681,84,7,3003
27.8418617250566,85,8,3279
27.9819387110739,84,8,3487
28.1156558788624,85,8,3564
28.2496706630016,84,9,3625
28.3735104623932,84,9,3803
28.4921908756859,84,9,4057
28.612281155768,83,10,4161
28.7155549078672,81,11,4450
28.814664895159,83,11,4687
28.9136653838124,85,11,4867
29.0112889321909,84,12,5076
29.100261899241,83,12,5248
29.190186842648,84,10,5346
29.2890515468595,86,10,5296
29.3874583477847,84,10,5196
29.4841965299177,84,11,5220
29.5725797160463,85,12,5244
29.6578216619882,86,12,5351
29.7454829370905,86,12,5467
29.8360936671938,86,13,5551
29.9173965366322,87,13,5690
29.9971595189915,87,13,5783
30.0803470203173,89,13,5884
30.1609609292777,89,13,5958
30.2411463302332,90,13,6073
30.3182066552227,91,14,6198
30.3943332308448,92,14,6265
30.4704655350941,96,14,6423
30.5423651186009,97,14,6484
30.6163051785747,98,14,6605
30.6899546044757,98,14,6707
30.7620965259192,99,14,6794
30.831088268739,99,16,6964
30.8992841507826,102,16,7155
30.9654538175417,103,16,7246
31.0315640476095,104,16,7265
31.097201506224,105,16,7381
31.1646076415641,107,16,7449
31.2293335142005,110,16,7584
31.2933664395281,110,16,7664
31.3572588419072,110,16,7664
31.4229422720512,110,16,7688
31.4872113742416,110,16,7739
31.553451531671,108,16,7761
31.6169240848257,108,15,7808
31.6805604656463,109,16,7717
31.7422831231262,107,16,7757
31.8045748928714,109,16,7701
31.8688247563084,110,16,7807
31.9298094158742,109,17,7926
31.9906329430703,111,17,8026
32.0551429627881,112,17,8175
32.1138494126699,112,15,8258
32.1784075062602,112,15,8170
32.2417748623635,112,15,8027
32.3073462057119,113,15,7945
32.3737593267651,114,15,7904
32.4432727657792,113,14,7841
32.5101285041281,113,14,7703
32.5815451923456,112,13,7550
32.6545263311983,113,11,7327
32.7304954071411,114,11,7128
32.8092819574786,114,11,6923
32.8917191353812,114,10,6648
32.9810682926918,112,10,6402
33.0673655455747,111,11,6213
33.1546593074384,112,11,6122
33.2418581480057,113,11,5985
33.3317324780082,112,11,5832
33.4209197345374,114,11,5822
33.510682299592,114,11,5817
33.5978054243377,113,12,5818
33.6832903277061,114,12,5849
33.7678050552885,112,12,5881
33.8551633037181,111,10,5836
33.9467343633506,111,10,5730
34.0384022586801,111,10,5594
34.1309355685793,111,10,5512
34.2254301038886,111,10,5417
34.3242843066732,109,10,5319
34.4234312250227,111,9,5236
34.5245994774079,111,10,5112
34.6272471576042,111,11,5130
34.7161128538671,111,11,5172
34.8124317595583,110,11,5232
34.9063918461689,110,12,5350
34.9920201754707,110,12,5399
35.0748706628767,110,12,5563
35.1589534842039,110,12,5652
35.2444148770393,110,12,5712
35.329638796781,111,13,5689
35.4130860612648,111,12,5819
35.4975869287084,112,12,5850
35.5809643967319,110,11,5871
35.668191852298,108,12,5856
35.7530768564771,110,12,5912
35.8402818655918,108,13,5925
35.9205802823447,110,12,5990
36.0012939693981,111,13,6004
36.0809486537673,114,13,6059
36.1582188107171,115,13,6252
36.2377392838908,118,13,6295
36.316722380046,117,13,6295
36.4002628720588,117,11,6325
36.4875902780895,122,11,6166
36.5768778295111,124,10,5995
36.6696496586267,124,11,5918
36.7565843682513,125,11,5809
36.8459036925823,126,11,5770
36.9318646159916,128,11,5786
37.0189253058701,128,11,5753
37.1045547527755,127,12,5716
37.1897210713093,128,12,5733
37.2794755711763,132,12,5795
37.3661155519285,131,12,5796
37.4549082227616,132,11,5934
37.5428877212867,132,11,5837
37.6307367294098,130,12,5794
37.7184443701048,131,12,5891
37.8027891490069,131,13,5876
37.8824619991543,132,13,5927
37.9630654407342,133,13,5998
38.0404683583719,131,14,6129
38.1143646465392,131,14,6301
38.1898742605775,132,14,6436
38.2635008740861,132,14,6520
38.33889057859,133,14,6523
38.4132344845981,134,14,6586
38.4876401445651,135,14,6517
38.5588270050942,135,15,6683
38.626163898684,136,16,6730
38.6926481388203,137,16,6910
38.7569453472366,136,17,7111
38.8193857047181,136,17,7260
38.8826073780901,137,17,7466
38.9447008804731,136,17,7614
39.0080214409729,136,17,7741
39.0681848915683,137,18,7936
39.1270131896018,133,19,8097
39.1815108097795,132,20,8297
39.2368725018612,131,20,8446
39.2925537855723,132,20,8591
39.3477256907212,133,20,8652
39.4025867792877,132,21,8799
39.4544557076113,131,20,8940
39.5054819808418,132,20,9049
39.5577621290279,132,19,9160
39.6110505262071,132,19,9228
39.6646156526805,133,19,9277
39.7202759462364,134,19,9362
39.7740290149006,133,19,9414
39.8282669462048,132,18,9413
39.8856733212453,134,17,9325
39.9437808654161,133,17,9271
39.9994321093481,133,17,9165
40.0575446558731,133,17,9035
40.1143158189982,134,17,8900
40.1705402460017,135,17,8893
40.2276923261915,134,17,8915
40.2847323283631,135,16,8853
40.3444578088658,137,16,8766
40.4049704295722,136,15,8601
40.4691937652812,136,14,8417
40.5331078387139,135,14,8340
40.6003111818567,138,14,8153
40.6685562976495,139,14,8004
40.7362340154463,142,14,7855
40.8069658353975,141,13,7597
40.8728027826337,140,13,7497
40.9469534252521,141,14,7376
41.016249148335,142,14,7301
41.0895618981867,142,14,7263
41.1625325280156,143,13,7145
41.2368271839592,143,13,7118
41.3098164344425,141,13,6985
41.3842092311912,141,13,6976
41.4559947478801,139,15,7018
41.525283585081,140,14,7102
41.5969517966346,139,14,7156
41.6640084998086,138,15,7162
41.733162275948,137,15,7175
41.8031319603568,136,15,7259
41.871308146055,136,14,7249
41.9433045640475,136,14,7146
42.0140388461801,135,15,7151
42.0826048400449,134,15,7167
42.1536212895536,136,15,7267
42.2209638254341,137,15,7288
42.287110104365,138,15,7389
42.3565764370134,140,15,7364
42.4213022294215,139,17,7495
42.4832239278204,139,17,7634
42.5438618907338,140,18,7767
42.6014234468034,145,18,7948
42.6595016140068,144,18,8084
42.720038646681,144,16,8073
42.7821421971018,143,16,8083
42.8446490189524,143,17,8162
42.9056265937015,145,17,8180
42.966429408409,145,17,8150
43.0249153839194,147,17,8216
43.0811921540478,147,18,8311
43.1400202416876,146,18,8361
43.1996799407271,146,18,8441
43.2589003460116,144,17,8472
43.321873929836,143,17,8518
43.3790318870898,144,17,8555
43.4371198036765,143,17,8561
43.4984289150022,142,17,8528
43.5566615668019,143,17,8468
43.6144464083105,145,17,8514
43.6731061848131,144,18,8446
43.7303912067024,144,18,8525
43.7869835117753,143,18,8565
43.8424230779139,141,19,8614
43.8975993375561,140,20,8755
43.9526219058399,140,19,8864
44.0071113136812,141,18,8814
44.0608806047449,141,19,8876
44.1132304074761,139,19,9002
44.1677999166211,140,19,9011
44.2227507851681,139,19,9061
44.2766344186296,140,18,9077
44.3325637885246,140,18,9094
44.3885425801517,140,18,9070
44.4454691576086,140,18,9082
44.5014899523261,141,18,9032
44.5569742661317,140,18,8994
44.6131316791036,142,18,9090
44.666994700608,142,19,9166
44.7186768062021,141,20,9286
44.7698694465509,142,20,9371
44.8206952374439,142,20,9403
44.8720035052364,141,20,9545
44.920646177314,141,20,9609
44.9719332698509,140,20,9707
45.0217881632169,141,20,9740
45.0739286762016,143,19,9731
45.1237515854701,143,19,9765
45.1740031794193,143,20,9712
45.2248072509357,142,20,9740
45.276266136239,144,20,9818
45.3280923727948,145,19,9759
45.3788195878171,145,21,9821
45.4275269113652,146,21,10014
45.4760854320585,147,22,10092
45.5243887116244,147,20,10124
45.5746454946275,147,19,10127
45.6227755865256,149,19,10025
45.6733136268461,148,19,10079
45.7260269712571,149,19,10054
45.7755807061442,147,20,9985
45.8258006907485,146,20,9963
45.8770444337086,146,20,10010
45.9301672014457,147,17,9912
45.9847983673515,147,18,9815
46.0391184014649,147,18,9698
46.0904526360947,148,18,9595
46.1454470036067,150,17,9398
46.2022561925017,148,17,9336
46.2598994563555,147,15,9116
46.318387011497,146,16,8927
46.3784263931586,146,15,8920
46.4412824753955,146,14,8708
46.5036957161821,144,14,8488
46.5663059005769,143,14,8268
46.6315088982676,143,14,8062
46.6961928825899,143,13,7865
46.7650870431545,144,13,7692
46.8337747276788,142,14,7577
46.9016205103307,139,13,7510
46.9709453282983,139,12,7351
47.0442382651992,140,12,7144
47.1234063720252,141,12,6989
47.2005025230858,140,12,6839
47.2767318629655,141,12,6762
47.3572173002274,138,12,6582
47.435983768362,138,12,6519
47.51667232145,138,12,6419
47.5942334351946,138,13,6405
47.6713020784321,139,13,6494
47.7492655118862,140,13,6484
47.8246473405982,139,13,6549
47.90315907745,140,12,6539
47.9808770896638,141,13,6494
48.0593644330251,141,13,6484
48.1323197077043,140,15,6530
48.2008004984419,140,15,6607
48.2708956403799,141,15,6570
48.3427574997095,139,15,6602
48.4109069829183,139,15,6664
48.4775261983337,139,17,6926
48.541152269421,138,18,7196
48.6014907423078,140,18,7472
48.6661383925991,140,17,7655
48.7260163456328,141,17,7810
48.7864152213384,141,17,7926
48.8462607909474,142,17,7911
48.9059428665986,141,18,7991
48.9610061003444,139,20,8134
49.0164260876885,139,20,8348
49.0706097055513,140,20,8477
49.1244327563972,139,20,8650
49.1780857378419,140,20,8819
49.2331889103845,139,20,9027
49.2885515470302,140,19,9109
49.3424789603573,143,19,9157
49.3935082339105,144,19,9244
49.4452328637688,142,20,9275
49.4973694960119,141,21,9367
49.5483672394774,140,21,9467
49.5974597957388,139,22,9681
49.6464909847079,141,22,9833
49.6956562293414,141,22,9916
49.7424431509881,140,22,9993
49.7899502424135,143,22,10014
49.8375527679625,141,23,10146
49.883411369764,141,23,10332
49.9281393590808,143,22,10423
49.9758112513932,144,22,10527
50.022757135549,144,22,10593
50.0673147791556,144,22,10622
50.1147082331359,145,22,10650
50.1615260479137,147,22,10742
50.2091398630385,147,22,10724
50.2541090379258,148,22,10726
50.2998362801665,148,22,10854
50.3461364381555,150,22,10862
50.3917660247218,150,22,10904
50.4372354799079,151,22,10858
50.4829160941487,151,22,10808
50.5269263651118,151,23,10728
50.5705613793166,150,22,10737
50.615912230428,150,22,10804
50.6604603456733,150,23,10798
50.7040075977909,152,23,10784
50.7479440793948,153,23,10857
50.7935118560387,151,23,10941
50.838632591082,153,23,10987
50.8842174205787,153,23,11005
50.9281419362319,153,23,11063
50.9724925288668,154,22,11001
51.0188072460132,153,22,10983
51.0641032456448,153,22,11064
51.1119142746305,152,20,10898
51.1591931801559,151,20,10884
51.2091554127099,151,20,10774
51.2613707626117,151,20,10711
51.3114173793469,151,20,10623
51.3602032508319,151,20,10611
51.4077905560522,154,20,10608
51.4559896788562,155,20,10515
51.5048788835092,153,20,10525
51.5537881174603,153,20,10473
51.6011989986977,152,21,10423
51.6501263588037,153,18,10349
51.702070797887,154,18,10276
51.7523666740304,152,19,10227
51.8012634997934,154,18,10090
51.8553296923917,154,18,9952
51.9073379388236,152,20,9855
51.9571130245625,152,20,9891
52.0069808077233,152,20,9929
52.0565423832791,152,20,9961
52.1064538335343,151,20,9987
52.1558072815788,152,20,10002
52.2083429302633,151,19,9919
52.25956620367,152,18,9891
52.3139437417147,153,18,9814
52.3674609338948,152,18,9720
52.4217904883199,155,18,9705
52.4727631245883,157,18,9661
52.5286570179184,157,17,9614
52.5847068911027,159,17,9499
52.638896380882,160,17,9427
52.6943419307375,160,17,9411
52.7474610672479,159,18,9388
52.80231580325,159,18,9382
52.8554526230417,159,18,9332
52.9126887412408,159,18,9304
52.9672830640353,159,19,9278
53.0195940915708,160,19,9259
53.0710615970064,159,19,9361
53.1237210571138,159,18,9350
53.1752018652519,159,18,9294
53.2317243587908,159,18,9301
53.2857390276516,159,17,9263
53.3414090262357,161,17,9161
53.4019661300099,162,15,9055
53.4616762148547,162,15,8911
53.5255296120008,160,14,8682
53.5918041274399,161,14,8484
53.6546570638719,162,14,8288
53.7190747473533,163,15,8257
53.7819052321112,163,15,8147
53.8450586204102,163,15,8055
53.9104887430775,163,15,7975
53.975340954587,158,15,7867
54.0408663323625,156,15,7823
54.1114740869955,157,14,7677
54.1734090704989,156,16,7659
54.240846904399,157,15,7685
54.3070505521026,156,14,7600
54.3755331280293,155,15,7578
54.4414539842295,154,15,7538
54.5028414918908,153,16,7610
54.5666417558943,154,17,7787
54.6262241803206,155,18,7928
54.6845586882816,156,17,7969
54.744455860733,153,17,8037
54.8076983385147,152,17,8144
54.8679428635173,155,17,8219
54.9273687747271,155,17,8258
54.9881092431172,155,17,8305
55.0467536430404,157,17,8242
55.1033880005716,154,19,8374
55.1603089843522,154,19,8442
55.2152626200259,155,18,8482
55.272522331762,159,18,8580
55.330382838843,160,18,8635
55.3858626813743,159,18,8718
55.442781687086,162,18,8765
55.4991923615579,159,19,8778
55.5548683582992,161,19,8882
55.6084912193438,161,20,8936
55.663017602715,159,21,9093
55.713968353404,159,21,9231
55.7636653675871,162,21,9343
55.8118566776125,163,21,9413
55.8620292604109,164,22,9577
55.911718005499,164,21,9638
55.9602577190148,166,21,9757
56.010727860242,166,20,9821
56.0602518575826,165,20,9857
56.1112623028868,165,19,9897
56.1632052650982,164,19,9851
56.2137802473949,163,19,9870
56.265421894779,162,19,9854
56.3174458009567,163,19,9737
56.370710863927,161,18,9656
56.424655814336,160,19,9605
56.4789099768757,159,19,9591
56.5327249804649,159,18,9609
56.5875734028952,160,18,9532
56.642339151685,162,18,9448
56.6967714579916,161,17,9415
56.7518536983255,162,17,9314
56.8065966895899,162,17,9154
56.8636718723105,164,16,9049
56.9230943152407,167,16,8990
56.9811453727509,167,16,8872
57.0386534230203,167,16,8758
57.1007226373699,167,15,8683
57.1642384184452,167,15,8637
57.2245068994119,167,16,8532
57.2849688421347,167,16,8492
57.3449788430798,169,16,8491
57.4081569436697,170,15,8471
57.4721188591531,171,15,8378
57.5368282365566,170,15,8298
57.5980551944079,169,17,8257
57.6570671137223,170,17,8314
57.7165946456173,169,16,8229
57.7801738574379,168,14,8201
57.8476697092897,168,15,8085
57.9138122098771,168,15,8039
57.9780238780542,166,15,7871
58.0413219389258,165,15,7823
58.1062004639035,164,15,7777
58.1705029206958,162,15,7772
58.2335594567453,161,15,7780
58.3001781012251,162,15,7717
58.3670790038835,161,14,7656
58.4351237263686,162,14,7560
58.5004808188111,163,14,7462
58.5693746213726,166,13,7372
58.6415684869763,163,13,7151
58.7157667461336,162,13,7089
58.7916713368416,162,11,6933
58.8696080986605,162,11,6644
58.9519647761297,162,10,6485
59.0415522295131,162,9,6197
59.1366195478788,165,9,6022
59.2355696166328,167,9,5736
59.3349641611204,168,9,5534
59.4376691108359,168,9,5352
59.5382372926937,169,9,5255
59.6450458101185,169,9,5065
59.7482030700411,168,11,5065
59.8424444161287,168,11,5139
59.9340518415698,169,11,5205
60.02649629059,169,12,5285
60.1152593626494,172,12,5432
60.2031811254031,173,11,5456
60.2927482023776,174,10,5430
60.3898247704132,174,10,5379
60.4872570991913,173,9,5334
60.5914366220135,173,9,5164
60.6966743880879,173,9,5013
60.8036709510818,171,9,4859
60.9150412793395,171,9,4761
61.0164386444773,172,10,4855
61.1145196576166,169,11,4940
61.2079420517027,170,12,5062
61.298674621117,169,12,5208
61.3877447139512,171,12,5359
61.4752709453707,171,13,5540
61.5543610817687,171,14,5680
61.6298027140665,170,16,5923
61.7018010866334,172,16,6173
61.7705813483546,173,16,6400
61.8409139725368,173,16,6620
61.9078501342999,173,17,6798
61.9728872880118,173,17,7090
62.0357419317209,175,17,7370
62.0986825375735,176,16,7460
62.1626784838185,176,16,7535
62.2266548679206,175,17,7663
62.2883874246067,176,16,7793
62.3519912309526,177,16,7866
62.4133686942302,176,16,7866
62.4753678905827,174,17,7939
62.5368869618464,174,16,7945
62.5954461982974,175,17,8050
62.6594504326609,175,16,8023
62.7203296847521,175,16,8029
62.787015305041,173,16,8059
62.8496930270135,175,16,8077
62.9134494510243,175,15,8067
62.9797900311722,176,15,7997
63.048419072546,176,15,7955
63.1178807154002,178,15,7859
63.1850842774256,177,13,7723
63.2536013176114,177,13,7562
63.3240331531035,177,13,7438
63.3920095592237,176,14,7398
63.4590807147551,178,14,7379
63.5285160495757,177,14,7242
63.5992525489906,178,15,7229
63.6698294680192,180,15,7294
63.7385690240836,180,15,7384
63.8036628857599,180,16,7462
63.8665242760856,179,16,7512
63.9284741512035,179,16,7514
63.9925231946183,182,16,7521
64.0582163585109,182,16,7554
64.1216433752048,179,16,7616
64.1840765492768,178,16,7668
64.2486472054903,177,16,7744
64.311717911672,177,16,7796
64.377809983408,177,15,7869
64.4423123440017,177,15,7797
64.5049586071082,177,15,7741
64.5685963373309,178,15,7724
64.6343387023415,178,15,7694
64.7004054108353,177,15,7688
64.7649832806202,175,14,7645
64.8326851950135,176,15,7612
64.8970406412198,175,16,7751
64.9609101856421,175,15,7757
65.0270096543055,178,15,7734
65.0934549507442,176,15,7696
65.1584498500279,176,15,7642
65.2246439319492,174,15,7652
65.2914102859656,174,15,7718
65.3576932843249,173,14,7651
65.4248331065631,174,14,7571
65.4950992464114,175,14,7482
65.560910441079,179,15,7400
65.6283567113352,178,17,7496
65.6902173186128,177,18,7645
65.7498174556855,177,19,7697
65.810537314105,178,20,7932
65.8654043192364,178,20,8181
65.9224688336102,178,20,8406
65.9767186104311,180,21,8612
66.0280479708906,182,21,8779
66.078192815119,183,21,8914
66.1295068953485,183,21,9097
66.1803173149275,183,21,9259
66.2319229877738,184,21,9386
66.28043877295,182,22,9573
66.3294198649829,182,21,9681
66.3791841891942,183,21,9774
66.4284537953755,184,22,9843
66.4773934966466,183,22,9998
66.5245796356092,183,23,10150
66.5732957026839,181,24,10287
66.6167235344042,181,24,10455
66.6625832672503,181,24,10591
66.7071985328496,182,24,10703
66.7503544359533,183,24,10788
66.793938018391,184,24,10886
66.8404560629909,185,24,11003
66.8839729707496,182,25,11116
66.9273156717547,180,25,11214
66.9685794840411,180,25,11387
67.009709647535,181,25,11444
67.0512287199918,180,24,11525
67.0934232814508,182,24,11585
67.1357037657217,184,25,11689
67.1775861208939,185,25,11756
67.2177730376662,185,25,11795
67.2576382899138,186,25,11875
67.2997153892343,185,25,11952
67.3393693543056,186,25,12049
67.380416457429,187,25,12106
67.4208892638666,189,25,12077
67.4638423101212,189,25,12097
67.5055228950344,192,25,12126
67.546366343334,193,25,12128
67.5864340586248,195,25,12168
67.6279577187312,194,25,12178
67.6671135984337,195,25,12318
67.7070859881058,193,26,12343
67.7476107610263,192,26,12451
67.7870116755947,191,26,12549
67.8264305387769,194,25,12543
67.8673145172901,194,25,12570
67.9071564528793,194,26,12563
67.9468322605983,196,26,12623
67.9851323149093,198,26,12679
68.0221077120885,199,26,12729
68.0620644897592,198,26,12721
68.0991640135947,199,25,12699
68.1387913171805,198,25,12671
68.1792760803625,196,25,12695
68.2199081837364,196,25,12719
68.2569975772289,197,26,12730
68.2958381468931,198,25,12760
68.3354798228354,196,25,12762
68.3751751452991,196,25,12670
68.4140091747041,197,25,12659
68.4546638952911,198,24,12607
68.4954690064787,198,24,12567
68.5353310722689,200,24,12549
68.5751750471268,201,24,12533
68.6164653891897,203,24,12542
68.6577175182714,206,24,12491
68.6991776208148,204,24,12405
68.7409874986156,203,25,12356
68.781324974427,204,24,12399
68.8229416377893,203,25,12385
68.8626950952046,204,25,12424
68.9022475313456,205,24,12400
68.9431768151273,206,24,12377
68.9857734892728,206,24,12273
69.026762961914,205,22,12251
69.0701466327531,205,22,12149
69.1133777441139,208,22,12054
69.1550474819018,209,22,11986
69.1998874061289,211,22,11904
69.2425958350985,210,22,11794
69.2866593195528,209,22,11726
69.3280819920124,208,23,11714
69.3701620483209,208,23,11708
69.4155219029033,208,22,11759
69.4581866689396,207,22,11653
69.503251444288,207,22,11611
69.5464854638263,208,22,11566
69.5904258377261,208,23,11622
69.6336113946944,208,22,11634
69.6776373501965,206,22,11553
69.722416099107,208,23,11479
69.7661766806967,209,22,11437
69.8099660600051,210,21,11416
69.8551407817481,210,21,11359
69.901301322858,211,21,11314
69.9482739958148,211,20,11224
69.9971893982524,211,19,11042
70.0457163124241,211,18,10851
70.0970731893357,213,18,10659
70.1482807661787,213,17,10513
70.1964545454227,209,20,10402
70.2454491552946,210,20,10395
70.2931565160703,208,22,10369
70.338676956636,208,22,10427
70.3839899339554,208,22,10479
70.4301662392619,211,22,10476
70.4775404904136,211,20,10456
70.5242764492275,210,20,10462
70.5738793880671,211,20,10484
70.6208273548502,209,21,10507
70.6682442258473,207,21,10440
70.717275645667,207,21,10459
70.7643390456964,205,23,10527
70.8095280818509,204,23,10598
70.8543206881838,202,23,10647
70.9000571662155,200,23,10727
70.9445937599314,200,22,10779
70.9915902138426,200,21,10810
71.0387928060468,198,21,10852
71.0847395586867,198,21,10807
71.1288186340182,197,21,10732
71.1756466393025,199,21,10722
71.2228429167036,199,21,10614
71.2712626178196,201,21,10654
71.3180692524506,201,22,10669
71.3641616940114,202,22,10677
71.408905674931,201,23,10680
71.4530481998761,205,23,10684
71.499313666358,204,23,10749
71.5423118743158,202,24,10848
71.5864234646063,203,24,10960
71.6280439371314,202,26,11106
71.6688896871335,200,26,11272
71.7073369997666,201,26,11441
71.7477429387184,202,26,11584
71.7896512773605,205,26,11715
71.8303424035554,205,26,11745
71.8696870441199,203,27,11804
71.908050753462,205,27,11887
71.9478365171483,207,27,11923
71.9868140460205,207,27,12039
72.0262857401621,209,27,12121
72.0633681911263,205,28,12257
72.0997964076673,205,28,12417
72.1380605797631,206,28,12556
72.1761295805154,207,27,12710
72.2138423162044,208,27,12796
72.2524434310903,208,26,12791
72.2909631880649,208,26,12773
72.3297028155078,208,26,12839
72.3686897475944,208,26,12928
72.406799346715,208,25,12853
72.4486624715499,206,24,12794
72.4886224641477,207,23,12590
72.53025600644,208,22,12489
72.5717622767004,208,23,12401
72.6137302539092,210,23,12349
72.6563273670129,209,23,12278
72.6978920757278,209,23,12171
72.7409410077974,209,22,12056
72.7843183845241,210,22,12057
72.8275491627137,211,22,12007
72.8716207673715,210,22,11905
72.9150666069967,210,22,11904
72.958901699028,211,22,11791
73.0028527115556,210,22,11643
73.0481413541873,209,23,11668
73.0918205191525,207,23,11694
73.1364403087842,207,23,11686
73.1802538789251,208,22,11822
73.2241510341033,210,22,11738
73.2683083792418,211,22,11629
73.3136647040956,212,22,11502
73.3579032108167,212,21,11383
73.4044065698618,212,21,11262
73.4487308765302,212,20,11229
73.4978063305624,211,20,11141
73.5464230154962,211,19,11075
73.5968190619156,208,19,10900
73.6481583185941,209,19,10793
73.697194189417,208,19,10673
73.744530523321,209,19,10621
73.7957482065316,209,19,10573
73.8446434490433,208,18,10422
73.8957814406418,207,17,10261
73.9477776619016,207,17,10045
74.0017288984267,206,18,9864
74.0537803972577,202,19,9795
74.1052954851807,203,18,9793
74.1569314988644,203,18,9686
74.2111353139862,202,18,9635
74.2617671890375,201,19,9624
74.315855823036,200,20,9559
74.367952739199,200,20,9619
74.4175707952092,200,21,9709
74.4668589499963,200,21,9689
74.5159660742697,201,21,9753
74.5649904834507,201,21,9825
74.6161369303055,199,19,9837
74.6683769210828,197,19,9817
74.7193433384622,196,20,9783
74.7702656620284,196,20,9810
74.821029855238,194,20,9766
74.8731450962659,195,20,9816
74.9227807479813,193,21,9835
74.9710640966686,194,21,9969
75.0192376302434,195,19,9988
75.072238960338,194,18,9855
75.1239853992615,190,19,9860
75.17498718837,192,20,9742
75.2244247742217,194,21,9718
75.2725890995733,193,21,9750
75.3219588883346,194,21,9804
75.370893091168,194,20,9831
75.419919687643,193,20,9849
75.4691352021731,193,21,9844
75.5191402749847,193,19,9831
75.5718344964106,192,19,9806
75.6259595514444,193,19,9805
75.6779626503744,193,19,9733
75.7310198736417,195,19,9782
75.7828609527489,195,20,9752
75.8343398759479,195,20,9798
75.8840135240812,195,20,9761
75.9349698959701,194,20,9769
75.9852854668897,193,20,9854
76.035730135043,193,20,9869
76.0862241849617,193,20,9919
76.1381011068703,196,20,9942
76.1874977061706,196,20,10038
76.2376958384943,195,21,10072
76.2861259765114,192,22,10153
76.3323373028799,192,22,10260
76.3809305283022,191,22,10364
76.4289168733953,192,22,10471
76.4764516676554,191,21,10446
76.5225728613527,193,21,10436
76.5718154111799,193,21,10575
76.6203755156205,195,21,10571
76.6687813621052,196,21,10550
76.7146084945044,195,22,10537
76.7615751107376,194,22,10679
76.8077641974821,195,22,10822
76.8546916768387,192,23,10881
76.8994407272385,192,22,10906
76.9456624188186,193,22,10895
76.9948628477602,192,21,10836
77.041278552222,192,21,10843
77.0881561576187,192,21,10766
77.1371960632991,193,21,10769
77.1853033585177,193,20,10798
77.2338407844494,197,19,10659
77.2833214461053,198,19,10598
77.3313709183656,198,19,10512
77.3783636343883,197,20,10424
77.4278156970567,196,19,10357
77.4776238361919,196,19,10317
77.5291880439648,195,19,10309
77.5804659930443,195,18,10220
77.6342915168415,196,17,10014
77.6908088194707,199,16,9820
77.7472493523639,199,16,9667
77.8025419436136,197,17,9494
77.8579590996566,197,18,9433
77.9103068073026,197,18,9383
77.9661649847272,198,18,9329
78.0229407417254,197,18,9289
78.0777379496061,197,18,9283
78.13021420515,195,18,9295
78.1840341689089,195,18,9259
78.2354208187233,193,19,9362
78.28861758483,193,17,9280
78.3450119621278,194,16,9182
78.4022908978753,192,17,9148
78.4567195562899,192,17,9057
78.5150284362265,191,17,8983
78.5740956288467,191,16,8882
78.6340763086055,192,16,8693
78.6930303390766,190,17,8640
78.7495873464523,190,17,8611
78.810718582141,190,16,8625
78.8703703994513,192,15,8566
78.9332653922606,195,15,8423
78.9955930037325,193,16,8331
79.0555927508868,192,16,8351
79.1178335019388,191,17,8380
79.1755944439567,190,17,8338
79.2370245408702,190,17,8390
79.2971636307871,189,17,8404
79.3603442787895,190,16,8410
79.420479612746,191,16,8383
79.4810508636006,193,16,8483
79.5434830105814,193,16,8432
79.6045856016714,194,16,8387
79.6646121759921,193,17,8411
79.7234575264912,192,17,8437
79.7794201291273,193,18,8464
79.8379943530554,194,18,8557
79.8929443949572,194,18,8577
79.9492090490297,195,17,8635
80.0066837319102,196,17,8600
80.0657185058977,197,17,8560
80.1264907738572,197,17,8532
80.184778524888,198,17,8623
80.2461613638389,200,16,8613
80.3039824944835,201,16,8526
80.3637590740798,200,17,8489
80.4203025995075,198,18,8514
80.4773534922168,198,17,8547
80.5345886245211,199,17,8560
80.5922706991287,199,17,8557
80.6536866944235,199,17,8563
80.7120796802386,199,18,8623
80.7696381407565,197,19,8719
80.8222743483183,196,20,8846
80.8762403180242,197,19,8905
80.9295932841132,198,19,8884
80.9829590201694,195,21,9020
81.0316836452856,195,22,9124
81.0817943952276,196,22,9325
81.132002624292,196,22,9552
81.1806792624781,197,22,9649
81.2290031920958,196,23,9788
81.2750189997227,198,23,10026
81.3205672361984,201,22,10170
81.3666324776976,202,22,10257
81.4126543157006,202,21,10348
81.4605432838724,204,21,10342
81.5100675364367,205,18,10324
81.5618509283507,206,18,10157
81.6149161570425,206,19,10085
81.6651827834643,207,20,10138
81.7149292145343,205,18,10103
81.7677040354474,206,17,9977
81.8214140355653,208,17,9756
81.8748467331892,206,18,9602
81.9323452183389,205,17,9577
81.985882591428,203,18,9432
82.0383361085388,202,19,9321
82.0897494105203,202,19,9388
82.1407409135369,202,20,9466
82.1941396776829,203,18,9501
82.2493153823843,201,19,9484
82.3006750620392,199,20,9540
82.3540992087637,200,19,9628
82.4063377465078,201,18,9540
82.4607183216462,200,18,9496
82.514681514599,199,18,9491
82.5687445058645,200,18,9438
82.6231866892448,199,18,9350
82.6787345283904,200,16,9279
82.7347042135575,198,16,9188
82.7938915076953,202,16,9092
82.8525349728063,202,16,8958
82.9122886714619,200,17,8917
82.9711446040927,203,17,8860
83.0292560860756,202,16,8837
83.0883375427178,203,16,8685
83.1450139110676,202,16,8643
83.2064584824311,203,16,8511
83.2686977800907,203,16,8453
83.3277803774912,203,17,8466
83.3849455423982,202,18,8504
83.4434126355048,205,18,8543
83.5011555882618,203,19,8542
83.5601752565799,203,18,8603
83.617450560329,200,19,8630
83.6728011866364,202,19,8776
83.7267549952972,201,19,8828
83.7824158884997,200,19,8891
83.8353208483869,199,20,8994
83.8867340744367,199,20,9009
83.9389120384107,200,20,9094
83.9904676542962,201,21,9197
84.0393331964201,202,21,9257
84.0892305815793,202,21,9441
84.1406682495941,202,21,9514
84.1916136386003,202,21,9654
84.2396796908111,203,21,9707
84.2887157051169,201,21,9773
84.3350631335436,199,22,9879
84.3832595359635,201,22,9979
84.4315353844006,201,22,10023
84.4785445235009,202,20,10071
84.5273934538016,203,19,10011
84.5793163204501,205,19,9923
84.6312600762574,204,18,9803
84.6855788618088,202,19,9710
84.7395486965383,202,19,9709
84.7940477608872,204,19,9751
84.8461097337706,204,19,9817
84.8978556262597,204,19,9731
84.9484267454746,203,19,9713
85.0018226481007,204,19,9693
85.0547566617929,206,19,9722
85.1057673662276,206,19,9664
85.1570907054068,207,19,9647
85.2101368492596,207,19,9581
85.26053198113,207,19,9578
85.3121419159916,206,20,9584
85.362727444829,204,21,9651
85.4113669998458,201,22,9776
85.4586158159641,200,22,9888
85.5104189179057,201,22,9967
85.5567464531872,200,22,10029
85.6060937189656,199,21,10174
85.656484664611,198,20,10213
85.705898514119,198,20,10199
85.7540778597525,198,20,10169
85.8018062361871,198,20,10211
85.8509821295122,198,21,10329
85.9001647814384,198,21,10385
85.9470347235186,199,21,10388
85.9944571477571,198,21,10404
86.0407646558862,197,23,10441
86.0858962044239,198,23,10497
86.1307452403804,198,23,10604
86.1762932081983,199,23,10649
86.2207595553829,199,23,10729
86.2648447491473,199,23,10829
86.3093630392091,198,23,10948
86.3528379352496,201,23,10996
86.3972370289084,201,23,11057
86.4433794500321,200,22,11022
86.4895241158896,196,21,11065
86.5358502427885,195,21,11005
86.5825511726659,194,21,10961
86.6290537581466,195,21,10886
86.6750414855021,194,21,10860
86.7220387019866,193,20,10787
86.7733923327915,192,20,10759
86.8200021676337,192,19,10681
86.8700404431883,193,19,10602
86.9187421671202,193,20,10556
86.967690018899,193,20,10474
87.018509629892,195,20,10400
87.0649066962959,195,20,10370
87.1146150300045,194,20,10340
87.1626796410982,196,20,10355
87.2112042572751,196,20,10295
87.2640302989329,195,20,10195
87.3137485487043,195,20,10257
87.3635792089502,196,20,10239
87.4124597753715,195,20,10203
87.4629246029081,196,19,10133
87.5150392799846,197,19,9978
87.5692835011288,198,18,9966
87.6210649992214,200,18,9841
87.6738211863063,201,18,9710
87.7263375511278,201,18,9682
87.7807797672936,203,18,9576
87.8350676509287,205,18,9560
87.8914443754864,205,16,9364
87.9482507546093,203,17,9235
88.0037436201482,201,18,9084
88.0579649084518,201,19,9076
88.1126387922597,202,18,9015
88.1669488702451,203,18,8963
88.220985742685,203,18,9024
88.275347833706,205,18,8970
88.3323652432426,206,18,8975
88.3856426941801,204,19,9051
88.4399251002601,203,20,9147
88.492181083519,203,21,9261
88.5427794410115,203,20,9427
88.5945657468578,205,20,9490
88.6458696444423,208,19,9582
88.6980076789302,207,19,9604
88.750614631393,206,19,9510
88.8038640387179,207,19,9511
88.8584510404689,207,19,9482
88.9127829781746,207,19,9457
88.9639677899368,208,20,9488
89.0136309220795,209,19,9509
89.0653873214225,209,20,9540
89.1162243080558,208,20,9588
89.1677821219131,208,20,9693
89.2182662822089,207,20,9724
89.2689644254355,207,20,9768
89.3207882259762,207,20,9752
89.3707909502454,209,20,9826
89.4226794575091,209,20,9794
89.4747319442517,208,20,9802
89.5243454374583,208,19,9838
89.574329234297,206,20,9863
89.6238775660907,208,20,9877
89.6743675475795,209,20,9850
89.7240650462609,206,20,9815
89.7746054413031,206,21,9901
89.823489675765,203,22,9937
89.8715289523455,203,21,10017
89.9191234838157,204,21,10149
89.9681772996346,204,21,10164
90.0161780293145,205,20,10200
90.06475321307,207,20,10212
90.1161195081321,206,20,10237
90.1665509037219,207,19,10190
90.2193549490623,208,17,10047
90.2737292277725,207,17,9854
90.329455429689,207,17,9777
90.3857201278991,206,16,9596
90.4437731206962,204,16,9436
90.5039507616384,203,16,9178
90.5648018620543,203,16,9048
90.6239246384146,203,16,8978
90.6811674761966,202,17,8949
90.7368481138527,201,18,8927
90.7922990621744,200,19,8937
90.8459093362092,200,19,9026
90.8999057309097,200,19,9031
90.9543574007751,201,19,9035
91.0107209260237,201,18,9008
91.0661605186232,200,17,8934
91.1246075978833,201,17,8878
91.1828923170856,204,17,8863
91.2402221539657,205,16,8828
91.3007867193124,208,16,8771
91.35928171981,206,17,8738
91.4175022787701,206,17,8692
91.4746351658496,204,18,8683
91.5311996558893,204,18,8719
91.5875531268243,202,19,8812
91.6442571993799,202,19,8854
91.6978701015945,204,19,8889
91.7530949478172,204,19,8978
91.8078644176,204,19,8978
91.8615914198762,204,19,9008
91.9178430952869,203,17,8968
91.9737047061557,199,19,9084
92.0285906242015,201,19,9100
92.0829849948082,201,19,9183
92.1361106705503,200,19,9247
92.1919555505275,201,18,9225
92.2452795940648,200,18,9225
92.2998669334108,201,18,9160
92.3553011262047,204,18,9197
92.4084473239974,203,19,9202
92.4623559318826,201,19,9259
92.5170696677327,200,19,9255
92.5706252883806,201,19,9243
92.6222577388736,199,20,9301
92.6769507758716,199,20,9455
92.73075659583,199,20,9563
92.7819171645856,198,19,9584
92.8349542174085,197,17,9518
92.8884673206735,196,18,9393
92.9446513883749,196,18,9369
92.9998938560222,198,18,9327
93.0532857894402,196,18,9311
93.1110120255499,195,16,9173
93.1700273524531,195,16,9037
93.2294499852231,195,16,8905
93.2866423784499,194,16,8829
93.3479536251647,195,16,8736
93.405650101103,194,16,8712
93.4650572914735,193,16,8624
93.5256724796366,194,16,8525
93.5877696740968,195,16,8476
93.6501566032361,192,16,8412
93.7099414737073,192,16,8370
93.7697489868185,192,16,8381
93.8320169234274,193,16,8368
93.8892144148561,194,16,8343
93.9474253928234,193,18,8382
94.0054646651902,192,18,8450
94.0636080278706,192,17,8508
94.1226416606581,190,18,8505
94.1804064682564,189,20,8618
94.2362848362556,188,19,8735
94.2892430676117,188,19,8790
94.3423227233173,186,19,8846
94.3981959500184,186,18,8902
94.453604988827,187,18,8972
94.5101717254088,186,17,8966
94.5681919523748,184,17,8904
94.6271844327329,185,17,8867
94.685662523054,186,17,8817
94.7457448224693,186,16,8702
94.8073702896471,186,16,8628
94.8656167816339,186,16,8563
94.9238895414165,188,16,8494
94.9874522738588,185,16,8386
95.048702233668,186,16,8431
95.110255379591,187,16,8406
95.1712261020696,187,16,8363
95.2319399086027,186,16,8356
95.290988543371,187,16,8299
95.3531226013974,187,15,8219
95.4138925284972,189,16,8211
95.4762388416177,189,16,8191
95.5368269327368,189,17,8228
95.5965748601252,189,18,8274
95.6566806899382,189,18,8329
95.7137181737,189,18,8389
95.7724886872466,190,18,8469
95.828640573987,189,17,8472
95.8874329033923,190,17,8569
95.944971109289,191,17,8567
96.0031860523953,193,17,8539
96.0627808315326,195,17,8531
96.1220514226798,197,17,8549
96.1781671653254,197,18,8612
96.2348979501143,196,20,8724
96.2885444312181,195,20,8858
96.344271464811,196,20,8942
96.3965861357744,198,20,9052
96.450085056745,197,20,9208
96.5029619145929,195,20,9287
96.5511474615526,192,21,9404
96.6011476180801,192,22,9570
96.6498549821869,191,22,9715
96.6989251360195,193,21,9818
96.7479708366738,194,21,9882
96.7984122244383,193,21,10014
96.8468952145261,192,21,10096
96.8949170697976,193,22,10185
96.9442745901619,193,21,10233
96.9913724353277,192,21,10253
97.038742334813,192,21,10232
97.0866760432513,190,21,10320
97.134599803314,190,21,10438
97.1837915753891,189,20,10413
97.2333866773722,191,18,10307
97.2847909568961,192,18,10158
97.3394050929225,192,17,10017
97.3921375892611,192,17,9865
97.4447446753421,190,17,9773
97.500684698578,190,16,9610
97.5567298849193,188,17,9403
97.6153123009871,189,17,9346
97.6712542369948,190,17,9263
97.7297219153485,190,17,9164
97.785357829781,191,17,9033
97.8437885152494,191,17,9011
97.8994715971555,193,17,8947
97.9542405204473,193,17,8854
98.0120959405409,193,18,8874
98.0703713091458,193,17,8856
98.1279805465402,190,17,8782
98.1857115603938,189,18,8787
98.2412270842478,190,18,8862
98.2966295693852,191,18,8898
98.3514456368329,190,18,8816
98.4064153407165,188,19,8855
98.4568864247548,186,20,8952
98.5113862503675,185,19,8961
98.5670514481925,185,19,8977
98.6190473613246,184,19,9051
98.6713119028277,184,19,9091
98.7261780934602,183,18,9115
98.7849955184317,183,17,9081
98.8437415596507,185,17,8937
98.9033555893097,186,17,8968
98.9610645237623,187,17,8887
99.0172977308273,188,17,8766
99.0765461613847,186,17,8760
99.1318670243483,182,19,8792
99.189011438643,183,19,8795
99.2432476394378,183,19,8888
99.2999974155718,186,18,8964
99.3561018730268,188,17,8853
99.4160714454489,189,16,8755
99.4757150993852,191,16,8697
99.5374838773815,191,16,8687
99.5967803808909,191,16,8571
99.6581795453138,191,15,8431
99.7218896629756,192,15,8279
99.7865604440133,191,14,8232
99.8515803056875,193,15,8086
99.9170484638851,191,15,8066
99.9840898690563,191,13,7819
100.052465459865,192,13,7709
100.124271647019,194,13,7530
100.197239812209,193,13,7310
100.26773629118,191,15,7281
100.33593827966,192,15,7290
100.40212994766,192,15,7283
100.470367838976,192,15,7319
100.539869560428,191,15,7306
100.608167109595,190,15,7260
100.676737525548,189,15,7180
100.746428549297,190,15,7199
100.814772008031,188,16,7312
100.87642522986,188,17,7455
100.939812861495,189,17,7524
101.005033528732,189,17,7634
101.067135677239,189,17,7763
101.127429586308,190,17,7918
101.190104789671,189,17,8018
101.249689873216,189,17,8061
101.311750427463,191,16,8066
101.371306890954,191,16,8062
101.435181009815,191,16,8048
101.496293125431,188,16,8027
101.556823971939,188,17,8072
101.617647185467,190,17,8049
101.677935460874,193,17,8119
101.737833861516,194,17,8177
101.797206600945,193,17,8149
101.856125999582,192,16,8140
101.917732438675,192,16,8180
101.980012403548,194,15,8127
102.045480064663,194,13,8026
102.112277818382,191,15,7854
102.174506950887,191,15,7811
102.240554209728,190,15,7785
102.304543365957,190,16,7828
102.369108882531,190,16,7774
102.431518460067,190,17,7860
102.492632026005,190,17,7937
102.55466557398,192,17,7969
102.614772521996,191,17,8027
102.674488606483,192,17,8070
102.733944902885,192,17,8174
102.792725855898,195,17,8305
102.850181281938,196,17,8392
102.907680208651,195,17,8444
102.966203929262,194,17,8477
103.023232417125,192,18,8604
103.078093413521,192,19,8702
103.131332357859,192,19,8833
103.185494000956,192,19,8917
103.238890007496,191,19,8991
103.292715633168,192,19,9130
103.346592233858,192,19,9170
103.398260371198,189,21,9293
103.449374158761,189,20,9360
103.501142151776,190,20,9368
103.551864926395,190,19,9373
103.604284200753,190,19,9361
103.656932913547,190,19,9294
103.709568738299,190,20,9320
103.76239913427,189,20,9334
103.814196344933,190,20,9418
103.866037002336,192,20,9445
103.918614684919,192,20,9445
103.969693148477,192,20,9526
104.021223210608,191,20,9612
104.072324585203,191,21,9674
104.121460366666,191,21,9876
104.171050942664,192,21,9908
104.219843530631,191,21,9922
104.269162426775,190,20,9933
104.3193079308,192,20,9953
104.367311969587,191,21,10008
104.41650788301,190,22,10163
104.464774661605,189,22,10257
104.511425125085,189,22,10341
104.558394915201,189,22,10413
104.605454252424,190,22,10502
104.654123882575,190,22,10535
104.69971255509,187,23,10648
104.745244015184,187,22,10717
104.791589742494,188,21,10709
104.836259606383,185,22,10714
104.881493297502,185,23,10834
104.926072861584,186,23,10873
104.971925683031,186,24,10989
105.014429642972,184,26,11082
105.054647987231,183,27,11239
105.094948446851,184,27,11365
105.135040654748,184,26,11499
105.176698433663,184,26,11545
105.21687386853,184,26,11674
105.257932610218,183,26,11902
105.298033402035,183,26,12016
105.338620592829,181,26,12086
105.37882928046,180,27,12149
105.418952641249,182,27,12189
105.458457586547,181,26,12304
105.49895660011,180,26,12390
105.53687012376,182,26,12423
105.575703105776,183,26,12542
105.61570132544,182,26,12550
105.654578008333,182,26,12494
105.694589666896,182,26,12488
105.735244943809,183,25,12473
105.774604785641,185,25,12531
105.814107968983,186,26,12462
105.855360827065,184,26,12462
105.89334041398,183,26,12576
105.932907553054,183,26,12613
105.971769176208,182,26,12681
106.009588862231,180,27,12744
106.04844675774,183,27,12863
106.085278674748,183,27,12911
106.122445616944,183,28,12981
106.160177956913,185,28,13071
106.196477293432,185,27,13111
106.233746614531,184,29,13180
106.270610689944,186,29,13254
106.30676407213,187,29,13324
106.343379818244,188,28,13411
106.37917132129,186,29,13472
106.415114793597,185,30,13504
106.449751300362,183,31,13701
106.483612763674,180,32,13828
106.5176195338,178,32,13976
106.549741704045,178,32,14106
106.582625204176,181,32,14228
106.615497274995,179,32,14280
106.648685796386,179,32,14414
106.682024733129,177,32,14470
106.715613716867,179,31,14503
106.748161192107,179,31,14581
106.780795703392,178,30,14656
106.815130190667,178,30,14707
106.851055452364,179,29,14673
106.887018276331,179,29,14693
106.921799478959,179,29,14705
106.955536172318,182,29,14708
106.990455480678,182,29,14696
107.02494315604,182,29,14727
107.05992630376,181,29,14700
107.093491667877,181,28,14663
107.12852024661,183,28,14729
107.162610506013,182,27,14653
107.19897473494,182,27,14529
107.234431539839,183,27,14404
107.270660723503,184,27,14315
107.307092495541,184,27,14252
107.34368639013,185,26,14124
107.379664476418,184,26,14082
107.417143705437,183,27,14054
107.453940231691,183,27,14085
107.491663272624,183,26,14042
107.529074496036,184,26,14005
107.567031865292,184,26,14045
107.603353971978,183,28,14016
107.639683630176,184,28,14041
107.674314335756,185,29,14005
107.708899021399,186,28,14020
107.745156960304,188,28,13984
107.781034715855,188,28,13970
107.817845532391,187,28,14002
107.853084205545,187,28,13952
107.889785259036,184,28,13956
107.926035872184,185,27,13925
107.962875856598,184,27,13913
107.99901578123,184,28,13943
108.034499532079,185,27,13899
108.070971013842,185,28,13912
108.10763620513,186,28,13984
108.144480797501,188,28,14012
108.181909086506,189,27,14002
108.219113067916,191,26,13933
108.257298082962,191,25,13860
108.295692322244,190,25,13751
108.334524564833,192,24,13681
108.372289163575,191,24,13547
108.409126866636,192,24,13461
108.449550516148,193,24,13356
108.490051749762,193,24,13212
108.531048275441,195,24,13140
108.572870505965,195,24,12996
108.6141223767,197,24,12935
108.653926284501,196,25,12858
108.695597842349,197,25,12844
108.735871530362,199,24,12757
108.778046946766,199,25,12739
108.818163131855,200,25,12789
108.856097305687,200,26,12849
108.896009035539,201,26,12885
108.934022146919,199,29,12974
108.97153506813,201,29,13074
109.007174120664,203,29,13145
109.042271218948,202,29,13169
109.078162892494,202,29,13196
109.113465997989,203,30,13275
109.149607444907,204,30,13412
109.184194577481,203,30,13537
109.219986266958,203,30,13649
109.253823473705,201,30,13719
109.287926712796,202,30,13815
109.32227402647,201,30,13893
109.356502401194,202,30,13946
109.389885605157,201,30,14092
109.424914785197,202,30,14140
109.458038945711,202,30,14259
109.49227866965,199,30,14295
109.526861775621,201,30,14441
109.560104769931,199,30,14539
109.594279389841,200,30,14622
109.628407138015,199,30,14696
109.662126035862,199,30,14660
109.695667520399,200,30,14613
109.729032936528,202,30,14673
109.763245957867,201,30,14731
109.796432895355,199,30,14711
109.830018202572,200,30,14744
109.863364217942,201,30,14749
109.897554760612,205,29,14732
109.933381659815,209,29,14722
109.966744014745,207,29,14692
110.001347296316,207,29,14663
110.034351491747,205,29,14526
110.068591275352,203,30,14574
110.1033254851,202,30,14526
110.138013193021,203,31,14615
110.171150343879,203,31,14662
110.204947681533,204,31,14783
110.237047112439,201,32,14852
110.269458608351,201,32,14951
110.300393587859,200,34,15008
110.332252529012,200,34,15134
110.363245663102,198,35,15283
110.393262082788,198,35,15381
110.425093576788,195,34,15544
110.455398051249,195,35,15642
110.485280539084,196,34,15671
110.515758343413,197,33,15779
110.546916487457,196,34,15881
110.577779445304,197,34,15975
110.608032878044,198,34,16016
110.637774019751,200,34,16026
110.667627832288,197,33,16101
110.698503908248,197,33,16137
110.729034091523,197,34,16250
110.760440621888,196,32,16262
110.791462541599,195,32,16250
110.822646108764,195,32,16258
110.852978166062,196,32,16219
110.882342667653,195,32,16204
110.91412533654,195,32,16192
110.946153547779,196,32,16141
110.976475343821,197,32,16162
111.007446638214,198,32,16205
111.037797336591,200,32,16179
111.069047029895,201,32,16190
111.10003686362,201,32,16170
111.131634420521,200,32,16226
111.161709507604,200,32,16262
111.191949629111,200,33,16238
111.222818289466,199,34,16328
111.252991255054,197,34,16308
111.28316030894,196,34,16370
111.31360805385,197,33,16417
111.342989075712,197,33,16413
111.373098116412,197,33,16390
111.403630788661,195,32,16411
111.436636967017,195,31,16374
111.46809840496,196,31,16265
111.499890364579,196,30,16240
111.531917188908,196,29,16159
111.565778334618,196,29,16061
111.599801072809,195,29,15859
111.633355221098,194,28,15760
111.667574423515,194,28,15692
111.700442770809,193,28,15548
111.733613095463,193,28,15395
111.765836822799,193,29,15379
111.801004951935,192,29,15351
111.833729332306,192,29,15334
111.867344659203,193,29,15241
111.90121909007,194,29,15172
111.934481109065,192,29,15076
111.967899610355,195,29,15113
112.001338714962,195,29,15120
112.034124849343,196,28,15099
112.068528071675,198,28,14967
112.101535688461,197,29,14938
112.135279806073,197,29,14997
112.168361139022,197,29,15008
112.202317302098,197,29,14973
112.23728906757,198,28,14879
112.271817490323,200,28,14843
112.307536382659,200,27,14742
112.343291931267,202,26,14603
112.379131793339,203,26,14620
112.414059111675,205,26,14508
112.45054158607,204,26,14500
112.487483807367,203,26,14366
112.524443979574,202,26,14294
112.56165465843,203,25,14160
112.59986039637,205,25,14082
112.638391511058,205,25,14032
112.676203510049,202,25,13886
112.716111550452,203,24,13688
112.752683184548,203,25,13670
112.790777229717,204,25,13551
112.829017286642,204,25,13427
112.869284876209,205,25,13362
112.907732403913,206,24,13270
112.948581319176,207,24,13171
112.987910656895,207,24,13081
113.029235764301,207,23,12978
113.069854950489,205,23,12878
113.110984868466,206,23,12710
113.152104640495,208,23,12587
113.193545461166,209,23,12470
113.234467556723,209,23,12403
113.276948713124,210,23,12258
113.320456282128,211,23,12246
113.362934540275,212,22,12158
113.406954427006,213,21,12016
113.452383339399,213,21,11862
113.497385166018,215,20,11795
113.543938696765,215,20,11658
113.589016052459,214,19,11554
113.636340542307,214,19,11364
113.684933579456,214,18,11201
113.735099802769,213,18,10978
113.783906892085,212,18,10794
113.835520717517,212,18,10602
113.887291129157,215,18,10373
113.939178377513,216,18,10236
113.991560673798,217,18,10117
114.040876711126,213,20,10072
114.09108671107,214,21,10139
114.140187022844,216,21,10171
114.189415800129,217,21,10162
114.239046050179,216,21,10242
114.286131044555,216,20,10222
114.336373713348,216,20,10228
114.385234966289,217,21,10257
114.434582291607,219,21,10285
114.481734477465,220,21,10314
114.529272495467,219,21,10299
114.578573476944,220,21,10282
114.62790018794,220,20,10247
114.679972818786,219,18,10273
114.73328274324,219,18,10147
114.785544803869,221,18,10085
114.839245520735,221,19,10075
114.889090833925,221,20,9973
114.93982484755,222,20,9955
114.987267359449,222,21,9957
115.036848671742,223,21,10100
115.090385506304,224,18,9984
115.141832579105,224,18,9898
115.19517317326,223,19,9820
115.2460650973,223,19,9738
115.296212037975,223,19,9702
115.347833300388,222,19,9678
115.399007635365,224,19,9693
115.450280028707,226,20,9679
115.50144391137,225,20,9689
115.553030003786,226,20,9726
115.603126261303,225,20,9752
115.653497629124,223,21,9804
115.703967400779,223,21,9809
115.753731679443,223,20,9963
115.803964885562,224,20,9987
115.854043168328,225,20,10056
115.902439394506,226,20,10002
115.952925760581,226,20,9936
116.001800660809,224,21,9965
116.05140240856,224,21,9940
116.098991670116,224,21,10039
116.149051627392,225,21,10026
116.198048256637,226,21,10067
116.24741980465,225,20,10028
116.297520072203,227,20,10122
116.346017130034,227,21,10152
116.395348719033,230,21,10197
116.443599249521,232,21,10221
116.49131619856,230,22,10268
116.538066671645,230,22,10324
116.587574414385,227,22,10380
116.633629072446,227,22,10404
116.681590632711,226,21,10431
116.727830127623,226,22,10453
116.774333642627,226,21,10478
116.820374225899,227,22,10565
116.864667272529,223,22,10583
116.909870583396,223,22,10647
116.957771061501,222,22,10631
117.004807742507,222,22,10622
117.05286801365,222,22,10654
117.09738469045,225,22,10648
117.143622445614,226,22,10807
117.192019187059,230,21,10762
117.240680079504,231,21,10797
117.288074430102,231,21,10812
117.334768127157,229,22,10735
117.382055142483,230,21,10718
117.429660218535,229,20,10683
117.477897026728,231,20,10573
117.526265985077,233,20,10484
117.576792242678,233,20,10468
117.627018644316,234,20,10388
117.675561053474,235,21,10386
117.721287857673,233,21,10352
117.768582618052,233,21,10415
117.81670074188,232,20,10414
117.866149153933,233,21,10437
117.914528164141,231,21,10455
117.961603146448,232,20,10447
118.009431999969,233,20,10439
118.057035498134,233,20,10385
118.105457592915,232,21,10337
118.154199420367,233,21,10354
118.200593462818,234,21,10416
118.249474754559,235,20,10461
118.296701495264,232,20,10456
118.345977387873,233,20,10396
118.396421075256,233,20,10389
118.443364046994,228,22,10387
118.491302199791,228,22,10374
118.538381544939,227,22,10384
118.588783694297,227,21,10429
118.636120566033,226,21,10489
118.684843341575,226,21,10535
118.733499109712,227,21,10486
118.781184927533,227,21,10447
118.828556008914,226,21,10376
118.874141562137,225,21,10336
118.922261286839,224,21,10331
118.970519048864,225,21,10320
119.01903446475,225,21,10382
119.067119666938,226,21,10366
119.115341421965,225,22,10380
119.16409658985,225,21,10403
119.211988209581,227,21,10353
119.260291342912,225,20,10376
119.308156616006,228,20,10335
119.355020331769,225,21,10348
119.403577318286,225,22,10298
119.450483703788,224,23,10369
119.496928053573,224,23,10443
119.543570105522,225,23,10472
119.58889795061,227,22,10544
119.637052870965,230,22,10521
119.684882133633,229,23,10605
119.730035333696,229,23,10633
119.775093280213,231,23,10743
119.820020799376,231,23,10781
119.864237882418,233,23,10897
119.907984610055,230,23,10949
119.951501718361,229,24,11033
119.99387168924,229,25,11037
120.036243920569,231,25,11217
120.077575307861,232,25,11403
120.118588464159,232,25,11417
120.159113287796,233,26,11574
120.198604698156,234,26,11780
120.239938952994,233,26,11814
120.279859825327,232,25,11839
120.322510771483,232,25,11927
120.364085559064,232,25,11911
120.404782619995,232,25,11989
120.445107561684,233,25,12060
120.487623940351,232,25,12076
120.529944688037,232,25,12084
120.56928657936,229,27,12112
120.610038878948,230,25,12079
120.651125498341,231,25,12137
120.691385720088,233,26,12274
120.730724562743,231,26,12372
120.76979968957,233,25,12367
120.809460516481,232,25,12347
120.850351410631,229,25,12348
120.888324104622,228,25,12474
120.929260689297,226,26,12475
120.968791811498,227,25,12497
121.010348781513,230,24,12447
121.053015215124,232,24,12415
121.092821305472,231,24,12351
121.136360788123,231,23,12335
121.178705689812,230,24,12260
121.221355535483,228,24,12254
121.263049490617,226,23,12225
121.3050648386,228,23,12227
121.347886351152,228,22,12120
121.392549566371,228,21,11997
121.43882284029,226,21,11852
121.483930517703,226,21,11691
121.528111466924,226,21,11630
121.573506068568,226,21,11569
121.618381407839,223,21,11471
121.664697964733,221,22,11420
121.709333505166,217,22,11412
121.754290450061,220,22,11378
121.798461317834,221,22,11295
121.843755861489,224,22,11192
121.888921610752,224,23,11150
121.931817829003,223,24,11147
121.974284093395,223,24,11238
122.017074899198,225,24,11302
122.058770958019,228,24,11361
122.101430983541,229,23,11375
122.146377615535,230,21,11322
122.191870123504,229,21,11266
122.235878225365,227,21,11274
122.281261622197,227,21,11180
122.326382961224,227,20,11131
122.373717511369,227,20,11073
122.420788074064,226,20,10928
122.469047060302,225,20,10935
122.515243506942,226,20,10850
122.563372738076,223,20,10782
122.612324016711,223,20,10736
122.662704140772,224,19,10652
122.712615560014,223,20,10582
122.760904908148,224,21,10506
122.807125896113,224,20,10615
122.855911095362,224,20,10569
122.906363744356,223,20,10437
122.956172996066,225,20,10432
123.006451948811,224,20,10386
123.055632538198,225,20,10368
123.104780037838,225,20,10354
123.154026485527,224,19,10335
123.205355808377,223,19,10321
123.25568718673,224,19,10298
123.304511987262,225,19,10294
123.356251696987,227,19,10196
123.40739236751,226,19,10176
123.459599353232,226,18,10130
123.510815459935,228,18,10073
123.56436009609,227,18,9918
123.617525561915,225,18,9824
123.672552779047,226,18,9717
123.727111335032,225,17,9665
123.781450060813,226,17,9561
123.834544182089,225,17,9460
123.889880949915,223,18,9432
123.943375045342,224,18,9358
123.995984690428,223,17,9230
124.053941147376,224,17,9149
124.110712408654,225,17,9048
124.168554698408,226,17,8971
124.225575328212,226,17,8954
124.282792494686,225,18,8980
124.337922577666,226,18,8985
124.394868316759,225,19,8918
124.449328806001,223,21,9058
124.50057964023,224,20,9242
124.55273345002,224,19,9320
124.606441186589,225,19,9316
124.660375510629,225,19,9324
124.714527253265,222,20,9393
124.7669801449,223,20,9402
124.818352735126,225,19,9415
124.870383052039,221,19,9473
124.922928919229,219,21,9440
124.972700997647,219,20,9523
125.024296817275,219,20,9543
125.074679317745,218,20,9649
125.125528231576,217,22,9708
125.172501461212,215,22,9809
125.221616305206,214,22,9961
125.268946733697,214,22,10088
125.313341020173,216,22,10264
125.360419590255,216,22,10303
125.406836756077,213,22,10323
125.453138206807,212,22,10383
125.501017017068,214,22,10453
125.545334335266,212,23,10514
125.590496645393,213,22,10600
125.637535215125,213,21,10591
125.686451002672,213,21,10607
125.734755523734,213,21,10617
125.783461542179,214,21,10608
125.828240280045,212,21,10767
125.875916193601,211,21,10776
125.923076168001,212,21,10817
125.968079640067,211,21,10779
126.014541829572,213,21,10759
126.061493551346,214,21,10851
126.108603598881,217,21,10886
126.157321874217,216,20,10823
126.205062187035,215,19,10806
126.253820756529,217,19,10716
126.307162629644,217,18,10553
126.358212823942,217,18,10325
126.408582008453,219,18,10205
126.459657601803,221,18,10059
126.512584162424,222,18,9849
126.566627361334,225,18,9760
126.619072861346,225,18,9669
126.672899677066,223,18,9537
126.728039216497,226,18,9500
126.781323164484,226,19,9470
126.83322662688,227,19,9495
126.885178050522,228,20,9412
126.938990081729,229,19,9460
126.989698290479,227,20,9482
127.040769569651,225,20,9552
127.092129286917,223,22,9663
127.140855479294,224,22,9745
127.188775961277,222,22,9911
127.236342656579,222,21,10036
127.285845114155,225,21,10145
127.334344353883,225,21,10170
127.382094601629,226,21,10184
127.429929068408,225,21,10254
127.479459988994,223,21,10266
127.525713416749,224,21,10395
127.573446565903,225,21,10400
127.622818734872,227,21,10442
127.669690763408,225,22,10439
127.715897411768,224,22,10533
127.762144885886,225,22,10584
127.806318728745,224,22,10662
127.852743747048,226,22,10772
127.897020331432,228,22,10744
127.943133466707,229,23,10859
127.987862242223,231,23,10945
128.032464086768,232,23,10933
128.074960444485,231,23,11046
128.118038128692,233,23,11069
128.161047358515,231,23,11150
128.207371754768,233,23,11172
128.252849694985,236,21,11113
128.299539105919,237,21,10996
128.348012427204,238,20,10992
128.396235517678,239,20,10945
128.444217045281,238,20,10815
128.491101659976,238,20,10783
128.540461561168,238,20,10611
128.588264113155,237,20,10528
128.6371118992,237,20,10430
128.685430049028,235,21,10324
128.73272256695,233,22,10351
128.779877737906,231,24,10440
128.824896449061,228,24,10542
128.869395175034,228,24,10620
128.916519276986,225,22,10706
128.961526798692,224,23,10720
129.007373376277,226,22,10750
129.052410777698,226,23,10830
129.097393427271,229,23,10874
129.141569064369,231,23,10946
129.183792543869,230,24,11000
129.227482112218,226,25,11065
129.268555693515,228,25,11158
129.310537306221,228,25,11249
129.353145332968,226,24,11304
129.39567343846,226,24,11403
129.437734254195,225,25,11418
129.478518057282,225,24,11509
129.520611685367,225,24,11538
129.562856048619,226,24,11629
129.602668342511,226,24,11698
129.643958281655,225,25,11773
129.685292712111,222,25,11819
129.726155756578,222,23,11856
129.770080584339,221,23,11820
129.815794655151,222,23,11789
129.858878446433,223,22,11755
129.902199827016,222,23,11659
129.946050445288,223,22,11695
129.988519608681,222,22,11679
130.032022359167,222,22,11686
130.075548635088,222,22,11634
130.119167214705,224,22,11588
130.163884389775,224,21,11530
130.209126495429,223,20,11453
130.256764601856,225,20,11326
130.305378327762,225,21,11256
130.351555090362,224,21,11274
130.400273139602,225,20,11151
130.446026472072,225,20,11014
130.492655996918,224,20,10880
130.54042035067,225,20,10847
130.587970510016,222,20,10731
130.636841027896,221,21,10715
130.684771565266,222,20,10666
130.732966362318,222,20,10612
130.782258925641,224,18,10526
130.833407684788,225,19,10451
130.885696666476,224,19,10333
130.936459444516,223,19,10259
130.985624911608,222,20,10206
131.03672155144,222,19,10239
131.088008202916,224,19,10141
131.140345357589,221,19,10065
131.188810851732,220,20,10097
131.237116198368,223,20,10160
131.286056113704,225,20,10208
131.335294442414,225,20,10210
131.387090505164,224,19,10252
131.436597995642,223,20,10168
131.48451479075,222,21,10197
131.531980437883,223,22,10264
131.579043115361,223,23,10366
131.625254817056,223,23,10459
131.670464230081,224,23,10540
131.7146447377,226,22,10647
131.76038248118,226,22,10688
131.807250204052,224,22,10653
131.85414220869,224,22,10661
131.900695052203,220,22,10697
131.946094894393,219,24,10860
131.990070787485,220,23,10942
132.034685609056,217,22,10921
132.081006285726,217,21,10980
132.126570415608,218,21,10973
132.173652308404,214,21,10895
132.220118781532,214,21,10824
132.265110092712,217,21,10773
132.312696498972,216,21,10689
132.362618245232,215,22,10729
132.411908626271,214,20,10679
132.459412525162,213,20,10577
132.507303071276,215,20,10453
132.557508139336,216,20,10367
132.607048485594,217,20,10286
132.656016663896,216,20,10284
132.705072649144,216,20,10315
132.755493982351,219,20,10338
132.806285864343,220,19,10304
132.855497314317,221,19,10213
132.904537335593,221,19,10151
132.955168366205,222,19,10156
133.007913542622,223,19,10112
133.059264752069,222,19,10084
133.110227988483,223,18,10034
133.16438431473,223,17,9788
133.218649334932,220,18,9602
133.272831831097,218,18,9542
133.326810058318,219,17,9558
133.380239175095,218,17,9479
133.434697415703,217,18,9498
133.487599533918,217,18,9502
133.540681778767,217,18,9433
133.594973994288,218,18,9369
133.648918588924,218,19,9443
133.69964879159,220,19,9521
133.753106186167,222,19,9531
133.808027121226,222,18,9486
133.86126775873,222,19,9514
133.91530816622,222,19,9448
133.967214714995,222,20,9495
134.017461509184,221,21,9640
134.067182426411,223,20,9780
134.118582916444,224,19,9804
134.168105016666,222,20,9845
134.215271653843,221,22,9858
134.264105787521,221,22,9996
134.310902085305,219,21,10147
134.359547273575,218,21,10215
134.407749746136,218,22,10316
134.455095843602,217,22,10325
134.503176120191,218,22,10405
134.549019173542,218,22,10425
134.594320930242,217,22,10458
134.638506135179,219,22,10476
134.687545969712,219,21,10409
134.736925776434,218,21,10449
134.785841959613,219,21,10422
134.833786766751,220,20,10427
134.881311103517,220,21,10498
134.928988450287,220,22,10486
134.975881819468,219,22,10512
135.02003405495,219,23,10600
135.064730042659,220,24,10674
135.108821643335,218,25,10807
135.152287370528,217,24,10917
135.193832968402,217,24,11074
135.23774396932,219,24,11128
135.280405110465,220,24,11295
135.323447988541,220,25,11365
135.365328050247,220,25,11426
135.407616845254,219,25,11496
135.448367325537,219,25,11606
135.490695901833,220,24,11651
135.532739059044,220,24,11767
135.574586981444,219,24,11850
135.617263442483,218,25,11891
135.660156246417,218,25,11951
135.700795324124,219,24,12041
135.741525728908,220,24,12051
135.782640215824,222,24,12037
135.823571520437,219,24,12019
135.865799518614,216,25,12090
135.907287767874,216,24,12072
135.948177888947,215,24,12030
135.989556717302,215,24,12071
136.031956113144,213,23,12028
136.07483334088,213,23,12020
136.117446281667,212,23,12002
136.158453055049,212,23,11960
136.201051089373,212,22,11896
136.244277815391,212,22,11898
136.289153912599,213,22,11884
136.334700759488,214,22,11869
136.379333819555,213,22,11833
136.422937404088,212,22,11779
136.466296066721,212,22,11617
136.511561737818,214,22,11587
136.556643726646,212,21,11502
136.602990020665,211,22,11428
136.646400490783,210,22,11382
136.692929056059,208,21,11331
136.739236371856,209,20,11255
136.784182959341,210,20,11118
136.832472289753,210,20,11032
136.880635677099,209,20,10852
136.92794237088,210,19,10790
136.978162628372,208,20,10750
137.025372679808,208,19,10620
137.076078558908,211,19,10491
137.125904997834,210,19,10397
137.17592790486,208,18,10317
137.227964060454,208,18,10249
137.277937953489,207,18,10194
137.32933983388,208,18,10089
137.382341514635,207,18,10011
137.433125598237,205,19,9960
137.483212488053,203,19,9924
137.533704097636,202,19,9914
137.589240651216,204,18,9793
137.64293191249,205,18,9666
137.697060166215,206,18,9603
137.749548136567,200,20,9633
137.800803826285,200,20,9642
137.853497068697,199,19,9569
137.905823096418,199,19,9595
137.958291259071,199,19,9526
138.008091491073,198,19,9580
138.060788876928,197,19,9568
138.113773519536,197,19,9531
138.165728247738,196,19,9525
138.21758660785,195,19,9493
138.271277268219,197,19,9433
138.325394514419,196,18,9494
138.380393235045,195,17,9355
138.43566156444,193,18,9220
138.49220325877,193,17,9189
138.550369865256,192,17,9083
138.608039048839,192,17,8989
138.665974673466,192,17,9035
138.723290150536,192,17,9058
138.777221953472,192,17,8925
138.836928627053,191,15,8802
138.900325073775,190,15,8688
138.961443596,191,15,8589
139.022289540215,190,15,8430
139.083868685731,191,14,8388
139.149888562667,190,14,8196
139.21729912657,192,14,8088
139.285489512231,191,14,7965
139.351719231079,192,14,7822
139.420137175335,192,14,7664
139.490754566661,192,14,7602
139.564098418566,194,13,7535
139.636412750653,193,13,7384
139.708179461433,192,15,7284
139.776400541779,191,15,7352
139.843051459767,188,15,7330
139.909933267126,186,17,7389
139.973352320224,184,17,7495
140.034415757738,185,17,7677
140.09496993033,185,17,7720
140.157920268916,185,17,7854
140.217978352084,182,17,7926
140.27647156012,182,17,8044
140.338540557642,184,17,7996
140.397170109219,183,17,8028
140.455958322159,182,17,8124
140.515887567929,186,17,8177
140.577847493489,186,17,8188
140.636298108218,186,18,8208
140.693752526789,183,17,8315
140.752301638953,185,17,8363
140.810611591326,185,17,8301
140.873060758576,185,16,8230
140.936381768448,183,16,8200
140.996927935264,182,17,8162
141.055053315931,181,17,8180
141.116809327886,183,17,8246
141.178562451906,183,17,8299
141.23887582845,185,17,8307
141.30186886727,185,17,8365
141.360130192023,185,17,8478
141.419413498375,186,17,8515
141.477574770719,188,16,8538
141.537012921093,191,16,8535
141.598885318455,191,16,8498
141.659921959353,189,17,8506
141.716841492752,188,17,8512
141.775710826969,186,16,8421
141.835963240062,185,16,8453
141.895440492233,186,16,8390
141.954258830694,186,16,8330
142.016080102324,185,16,8358
142.075434665681,185,17,8332
142.135604354807,184,18,8431
142.191085230363,183,18,8531
142.249190971315,184,18,8601
142.305590038308,185,18,8593
142.362411804969,185,18,8620
142.420851782682,185,18,8684
142.479811660181,187,18,8716
142.53385953331,186,17,8708
142.590692551658,185,18,8748
142.643921184856,185,19,8821
142.698983287152,186,19,8886
142.750215435966,186,20,9006
142.805163612078,186,19,9068
142.859467506612,187,19,9051
142.914672153085,190,18,9045
142.970641033535,190,18,9034
143.025904593843,190,18,8998
143.083745342649,190,17,8909
143.141948591705,191,18,8862
143.199666127399,189,17,8897
143.257979193158,189,17,8863
143.316907555281,189,17,8837
143.375577643749,186,18,8795
143.431365123701,184,19,8840
143.486009747265,184,19,8936
143.540454574242,184,19,9068
143.593852120728,184,19,9088
143.645401448625,184,19,9136
143.698072755028,183,18,9141
143.755132846107,184,18,9074
143.808682875454,184,19,9176
143.862207035643,184,20,9211
143.912593937616,183,19,9269
143.963655175402,183,20,9316
144.016182113338,182,21,9393
144.066430268918,182,22,9519
144.115424676948,182,22,9625
144.165648889089,181,22,9675
144.217096418099,181,20,9719
144.268894998273,183,20,9755
144.31954312834,184,20,9786
144.369247089471,184,20,9772
144.42022258624,184,19,9751
144.472955739175,186,19,9755
144.525173680541,185,21,9792
144.574237612205,184,21,9870
144.625028455694,185,21,9871
144.674432751729,185,21,9927
144.725633832821,184,20,9960
144.777768033759,184,20,10070
144.826331633068,185,20,10081
144.875277738071,184,20,10073
144.925138589641,185,21,10087
144.973348403536,182,21,10137
145.021129026509,185,21,10142
145.067744862259,186,21,10186
145.116512155018,189,21,10281
145.164917867639,188,21,10297
145.214348938813,189,20,10322
145.263522049736,189,20,10309
145.3119313835,184,21,10254
145.358806553535,182,21,10226
145.406374025206,184,21,10190
145.453933759916,185,21,10203
145.501879684654,185,21,10185
145.550891387423,185,20,10188
145.600468015673,183,20,10243
145.651096342761,183,20,10213
145.698825693124,181,22,10277
145.746857765385,179,22,10211
145.794724303669,180,22,10232
145.842115513773,181,22,10254
145.888527693817,180,23,10341
145.932903363022,179,24,10456
145.977993238142,182,24,10600
146.020476944399,183,24,10691
146.064359151817,185,24,10797
146.108377830291,186,24,10893
146.149436868897,187,25,11051
146.193078854649,187,23,11159
146.238069513263,188,23,11238
146.283755077088,188,23,11220
146.327983448283,188,24,11258
146.370027355159,188,24,11270
146.413661392832,189,24,11317
146.456567156378,190,25,11330
146.496723147467,190,26,11396
146.537149576338,191,26,11539
146.577389418381,191,26,11610
146.617672962684,188,26,11693
146.660560690288,187,25,11794
146.701256715906,186,26,11812
146.741703426298,189,25,11836
146.783199640321,187,24,11800
146.825117077945,187,24,11895
146.868441799012,188,24,11918
146.910818035038,188,24,11987
146.952528621304,188,24,11995
146.994710593978,190,24,11990
147.036855494026,192,24,11953
147.080714142833,193,24,12039
147.122802049463,194,24,11976
147.165254897744,195,24,11988
147.206897552624,195,24,12018
147.247134661499,194,24,12062
147.288043400501,194,24,12010
147.329403212684,197,24,12053
147.370336525324,197,24,12034
147.413427182623,196,24,12054
147.456217489008,195,24,12164
147.496651232549,192,24,12148
147.538874286077,191,24,12106
147.581888522715,191,23,11991
147.623729132473,192,24,12062
147.665095696572,192,24,12068
147.707140426434,191,25,12062
147.74665054778,190,25,12079
147.788035419445,189,26,12096
147.827450504651,189,26,12145
147.866925559244,190,25,12175
147.906691736751,192,25,12163
147.947463085736,191,25,12210
147.987175685474,191,25,12140
148.028878085328,192,25,12173
148.069847068024,195,25,12166
148.110577569782,195,25,12216
148.149690401894,194,26,12301
148.189549467595,193,25,12290
148.23286692753,193,25,12299
148.27379217069,193,26,12315
148.313611461396,190,25,12268
148.355052681293,190,25,12271
148.395414738208,189,25,12372
148.437126506295,189,25,12381
148.477507420497,189,25,12329
148.516908739785,187,26,12462
148.55655623824,187,26,12491
148.594590103351,186,26,12529
148.634003766803,187,27,12555
148.673527315829,187,27,12591
148.710796943983,187,26,12634
148.750397841056,190,25,12648
148.789906487928,191,25,12579
148.830149460315,191,25,12559
148.869635226491,193,25,12469
148.908301759266,195,26,12503
148.947402745825,194,27,12571
148.98574222774,193,26,12663
149.026118898643,193,27,12663
149.063458006963,193,27,12759
149.101914443301,193,27,12784
149.141495699895,192,26,12827
149.180408391741,191,27,12864
149.219622086801,193,27,12962
149.256760317213,192,27,13108
149.294408415471,195,27,13079
149.331248641037,194,28,13135
149.367500780225,193,29,13191
149.404195407344,193,28,13289
149.441032577589,194,28,13352
149.478454948475,195,28,13510
149.514849925685,194,28,13635
149.550215639893,192,28,13630
149.586218542949,194,28,13674
149.62295404757,194,28,13795
149.658161980003,194,27,13774
149.695436821698,193,27,13668
149.733898256359,196,26,13618
149.770932846741,197,26,13643
149.810059406337,198,26,13596
149.848112774032,197,24,13496
149.887607058635,195,25,13403
149.926473285224,194,25,13265
149.96738531961,193,26,13180
150.004564709987,193,26,13188
150.041472227295,193,26,13146
150.077988855829,192,27,13191
150.113411930628,194,27,13309
150.150313526478,197,27,13361
150.188217694013,196,26,13320
150.225797571152,195,26,13358
150.264797560572,194,26,13322
150.302633569498,193,26,13306
150.340008364372,194,26,13237
150.377225103481,192,26,13292
150.416513373645,192,26,13242
150.454381990894,193,26,13268
150.493381024807,194,26,13291
150.532561889838,193,25,13289
150.571315179729,194,25,13277
150.609685055149,195,25,13247
150.647608050274,195,25,13264
150.686554920765,194,25,13272
150.725805136891,195,25,13223
150.763622505187,194,23,13146
150.804454638877,192,23,13028
150.845563544069,190,24,12901
150.886249980356,192,25,12859
150.925910167496,192,25,12857
150.966217497555,192,25,12774
151.006411497041,192,25,12705
151.047153443121,193,25,12661
151.086922610011,194,24,12645
151.128569315304,195,23,12592
151.172378199667,196,22,12476
151.214692336431,197,22,12385
151.25696058697,200,22,12211
151.299664239477,198,23,12176
151.343161067935,195,23,12094
151.385863568437,195,23,12120
151.429003549301,196,23,12141
151.470304039903,198,23,12055
151.512700236363,198,24,12119
151.554867244631,197,24,12150
151.596761480207,197,24,12071
151.638586718898,198,24,12102
151.679138715385,197,25,12124
151.718901161412,194,27,12244
151.756966353869,195,27,12283
151.797348776517,195,27,12383
151.836843151376,194,27,12432
151.875522294214,193,27,12599
151.914440854372,195,26,12668
151.952408754684,197,26,12755
151.991245087699,197,26,12829
152.029232790499,196,27,12808
152.066495671785,196,27,12884
152.10419561143,196,27,12892
152.143420669306,196,26,12926
152.18146327632,197,26,12999
152.218815068945,197,27,13024
152.257432178534,194,27,13008
152.295619003845,193,28,13046
152.332149752766,192,29,13152
152.367955992066,190,29,13236
152.402570280093,187,30,13309
152.438330715527,187,30,13434
152.472422867749,187,30,13555
152.507019893281,187,30,13669
152.541621387314,187,30,13725
152.575275753136,190,30,13859
152.610940317125,192,29,13918
152.646118345051,188,30,14065
152.680931790423,190,30,14141
152.716272412607,188,32,14280
152.749580888996,188,32,14450
152.784102235234,188,31,14518
152.817911519766,189,31,14577
152.850473371032,189,32,14692
152.883017785093,189,33,14728
152.91582265804,190,33,14871
152.947947838254,189,33,15051
152.978939485558,189,33,15162
153.010045702955,189,33,15190
153.041790750152,189,33,15327
153.072793217257,190,33,15409
153.104451013111,191,33,15422
153.136126535915,191,34,15494
153.166617503401,192,34,15527
153.196611402809,192,34,15669
153.226458108895,194,34,15837
153.257060419475,194,33,15882
153.287661818002,193,34,15936
153.317641523299,193,34,15992
153.34731049561,191,34,16146
153.377271457218,192,34,16190
153.406103269764,193,33,16218
153.435378453416,194,33,16299
153.466460650976,193,33,16357
153.497803002582,192,34,16343
153.527702223916,191,34,16394
153.557499138162,191,33,16434
153.587546383784,191,33,16446
153.61781103393,191,33,16463
153.647319419246,191,33,16479
153.67789735693,192,32,16501
153.708380693473,192,32,16475
153.738871689254,192,31,16414
153.770710469283,193,31,16339
153.802731557107,193,31,16345
153.834443251138,194,31,16317
153.865555600988,192,30,16302
153.896473581973,190,30,16200
153.927978280342,190,31,16176
153.959561377639,191,31,16167
153.991194541102,191,32,16175
154.021522498114,192,32,16110
154.051280110763,189,32,16150
154.083001119586,190,32,16154
154.113838413487,190,32,16107
154.144892713646,190,32,16057
154.176425609558,189,31,15952
154.207980423707,187,31,15886
154.239830335052,186,31,15947
154.271755477955,186,31,15928
154.303573278947,186,31,15985
154.334776593262,184,31,15955
154.367507305183,186,30,15914
154.400873301417,185,30,15864
154.432909210494,188,29,15754
154.466213413967,188,29,15574
154.49904899294,188,29,15495
154.533304963687,189,29,15534
154.567323977374,192,28,15498
154.602795200342,191,28,15366
154.636463235575,192,28,15302
154.670676226118,192,28,15174
154.70598238663,191,27,15091
154.740459213307,191,27,14894
154.775926349988,194,27,14833
154.81161566485,196,27,14793
154.84663079962,195,27,14735
154.881436713255,195,27,14748
154.916450837652,194,27,14660
154.952495906606,194,27,14584
154.98724233794,192,27,14574
155.023600004561,192,26,14505
155.059816166488,193,26,14454
155.095472168219,193,26,14364
155.131567839677,194,27,14351
155.169839916452,193,27,14243
155.206523924984,194,27,14240
155.24217808567,194,27,14243
155.279181801068,193,27,14213
155.316396167432,193,27,14086
155.352749114226,193,27,14078
155.390075411159,193,26,13937
155.426244188974,194,25,13911
155.463006359602,191,26,13778
155.501095987916,193,26,13682
155.538322478749,193,26,13627
155.576984072488,190,26,13522
155.615154347582,191,25,13379
155.655214602947,190,25,13357
155.694131310535,190,25,13339
155.732664754171,188,25,13298
155.771743824493,187,25,13247
155.810636198119,188,25,13195
155.848391142825,185,26,13165
155.885155295575,185,26,13226
155.924360572974,186,26,13183
155.963090151594,185,25,13188
156.001996773051,183,25,13101
156.041627506701,180,25,13015
156.080852169267,178,26,12929
156.118393855211,177,26,12935
156.156938013586,178,26,12946
156.197473093585,180,26,12959
156.235754802846,182,26,12995
156.274024290335,183,26,12952
156.312330876942,186,26,12999
156.351619352706,185,27,13018
156.388873871744,186,27,13068
156.427452322887,185,26,13053
156.466880616038,186,25,13062
156.506655238915,185,26,13003
156.545246050995,185,25,12989
156.585304207191,184,25,12919
156.626311199395,183,25,12897
156.665110785737,182,26,12882
156.702439899759,182,26,12915
156.740893812911,184,26,12939
156.779480535303,183,27,13030
156.81686325898,185,27,13153
156.854992819747,184,27,13213
156.891683342305,185,27,13199
156.929992124596,185,27,13133
156.967145679154,185,27,13164
157.005540858369,184,27,13106
157.043532230793,183,27,13106
157.080491919612,182,27,13183
157.118249525148,183,27,13202
157.154887773246,184,27,13267
157.196547463525,185,26,13187
157.235951606531,185,26,13239
157.273723799947,186,26,13316
157.313486326887,185,25,13251
157.352032125236,186,25,13235
157.390690029465,186,25,13228
157.428680432489,185,25,13192
157.469937076335,185,25,13146
157.507792957325,187,25,13088
157.547922345361,189,24,12961
157.588189676123,190,24,12877
157.627220034347,188,25,12848
157.667038916884,188,25,12832
157.706146555991,187,24,12856
157.746656801094,188,22,12749
157.788922517416,186,22,12629
157.832451688447,187,21,12525
157.876436996994,187,20,12367
157.920644111916,186,20,12209
157.966449767254,186,20,12022
158.010456888164,188,20,11946
158.05859501716,188,19,11773
158.107055965767,188,19,11572
158.155998567615,189,19,11397
158.204659330447,192,18,11161
158.254088027671,191,18,11059
158.301639368325,190,18,10869
158.351428443863,190,18,10744
158.403410256658,188,19,10597
158.454025042651,191,19,10460
158.504398125112,188,19,10320
158.554544303751,187,19,10194
158.60623591049,188,19,10152
158.658162591552,188,19,10056
158.711275962217,187,19,10006
158.762552663413,186,20,9919
158.81315350609,188,20,9981
158.865604085514,189,19,9995
158.917274954755,189,18,9981
158.969010508336,188,19,9928
159.019788881182,187,19,9854
159.070138004916,188,19,9789
159.121201281568,188,19,9825
159.17170045102,191,18,9762
159.226742161417,191,19,9698
159.280089104414,189,19,9638
159.332041942735,190,20,9724
159.383640716917,190,21,9853
159.432492840271,191,20,9842
159.482049244261,191,20,9866
159.531800664406,190,19,9808
159.583989474405,190,20,9886
159.63652579984,191,20,9851
159.687194776525,194,20,9888
159.73576136674,194,20,9906
159.784429762584,193,20,9896
159.83520012045,194,19,9978
159.886717123352,193,20,9928
159.938314710504,191,19,9941
159.991014226339,192,19,9818
160.042979838199,194,19,9819
160.094234139903,195,19,9798
160.145073472414,196,20,9735
160.196019049538,199,20,9732
160.246297905168,197,19,9747
160.297446970883,196,19,9742
160.349233722085,197,19,9721
160.399454415656,198,19,9756
160.4512414812,198,19,9691
160.504174400537,199,19,9702
160.55486348658,196,19,9721
160.606414437239,197,19,9712
160.658355636761,197,19,9768
160.711045260126,197,19,9766
160.763296587241,196,19,9766
160.815222368457,198,19,9776
160.868615246461,197,19,9732
160.922823292014,197,19,9615
160.975093168396,197,19,9651
161.029941026167,197,16,9504
161.08961332385,197,16,9313
161.147800219648,198,16,9205
161.204843396129,199,16,9074
161.265663130998,197,16,8864
161.33131828225,197,16,8734
161.394141850867,196,15,8647
161.45594548203,196,16,8501
161.517748329664,194,16,8401
161.581086326432,196,15,8406
161.643882957137,194,15,8282
161.706640963035,195,15,8189
161.768567395479,194,15,8037
161.834718509635,194,14,7952
161.90240359919,193,14,7870
161.966432667859,192,15,7772
162.032496112195,194,15,7726
162.099271557538,193,15,7726
162.164475150512,195,15,7705
162.230356239802,195,15,7684
162.293784265394,195,16,7652
162.354856137677,193,18,7785
162.415117504023,192,18,7919
162.474914117299,194,19,8037
162.531260033637,197,19,8188
162.588825370357,197,18,8306
162.64621066365,199,18,8316
162.702264071766,196,19,8455
162.757412932055,194,19,8613
162.810893141421,196,19,8714
162.866344322598,197,19,8772
162.921846411139,197,19,8870
162.975467158091,197,19,8810
163.030821012612,197,19,8943
163.085365234727,197,19,8944
163.138407649172,195,19,9038
163.192270958194,197,19,9134
163.246502244343,198,19,9163
163.300496143634,197,19,9187
163.354296672594,197,20,9182
163.406063499249,198,20,9277
163.458827411866,198,20,9296
163.509945327094,199,20,9361
163.562905551816,199,19,9432
163.617592567122,198,21,9513
163.667244781747,199,21,9595
163.716273090681,201,21,9697
163.767967001122,200,21,9811
163.817756214438,200,21,9928
163.868054645758,200,20,9921
163.918590047159,201,20,9908
163.96800415821,201,20,9906
164.020008604645,202,20,10007
164.068167378718,202,20,9929
164.120531573567,204,20,9892
164.170194459174,206,20,9870
164.218492336806,205,20,9808
164.267485676198,201,20,9892
164.317548590957,200,21,9947
164.366738222423,198,21,10031
164.416732125079,199,20,10065
164.46778806073,198,19,10034
164.518935303981,199,20,9992
164.566986349326,199,20,10020
164.616011121863,199,20,9980
164.668640390786,200,20,9897
164.718039656311,202,20,9897
164.766679103941,202,21,9943
164.814632936625,203,21,9982
164.863575497817,202,20,9897
164.913502548252,204,19,9848
164.966874249357,205,18,9800
165.017199248569,203,19,9721
165.06967067755,202,18,9754
165.121802731841,202,19,9726
165.175265645795,203,18,9708
165.228845261298,204,18,9583
165.282589200315,203,18,9589
165.336046591947,202,19,9631
165.387751879543,203,19,9686
165.438644874312,201,21,9728
165.489980643444,202,21,9871
165.540367698137,202,21,9924
165.587870220919,202,21,9929
165.635593869978,202,21,10010
165.684565609723,198,21,10021
165.733957668471,198,21,10057
165.782780432901,198,21,10161
165.831839708832,198,21,10177
165.881214216602,199,21,10244
165.929239007386,200,20,10301
165.980141516137,200,20,10352
166.030815556185,200,20,10275
166.080466821291,200,20,10266
166.131115913065,201,19,10324
166.181187624887,203,19,10284
166.231528728229,201,19,10124
166.279970696642,202,19,10056
166.33171543053,202,19,9985
166.379720487683,201,20,9940
166.430843584912,202,20,9937
166.481000585313,202,19,9947
166.531396678982,204,19,9927
166.58334032362,206,18,9754
166.638516398824,207,18,9723
166.691137278428,207,16,9591
166.748779913325,207,16,9525
166.806036646743,207,16,9403
166.863145667273,206,16,9325
166.918793026222,205,18,9237
166.972531532585,205,18,9231
167.02501461523,205,18,9216
167.079436456875,204,18,9154
167.134179332663,203,18,9200
167.192512874767,204,17,9104
167.251140086178,204,17,9051
167.309373594147,204,17,8953
167.365723141664,204,18,8955
167.421810593753,203,18,8953
167.479279695318,204,18,8976
167.534496761228,203,19,8944
167.588983692264,204,19,9000
167.643218828847,205,19,9079
167.697299801694,208,19,9106
167.750762004353,208,19,9218
167.802031987793,207,19,9196
167.855203294797,208,20,9169
167.906283892617,210,21,9285
167.958857819482,212,20,9398
168.010158502122,211,21,9425
168.060537252819,209,22,9578
168.107941259602,209,22,9722
168.15351142767,209,22,9780
168.199601258336,208,24,9899
168.244225186057,208,24,10128
168.290208852885,206,24,10246
168.335112592705,205,24,10394
168.3785931556,204,24,10524
168.42194019805,206,23,10661
168.469715426085,207,22,10622
168.513842294814,206,22,10758
168.560082674922,207,22,10760
168.607227647513,209,22,10777
168.655184935217,208,22,10813
168.700512079311,208,21,10853
168.747989325038,207,21,10807
168.794849713945,204,21,10737
168.840298645568,203,21,10685
168.886286341856,203,21,10653
168.933511501142,204,21,10620
168.982211017674,204,21,10575
169.028964642311,204,21,10672
169.079353906034,203,21,10642
169.125391887978,202,22,10605
169.171219686206,202,22,10681
169.217662616976,201,21,10704
169.266025943573,200,21,10771
169.313198934848,202,21,10811
169.357615822308,201,22,10823
169.40305887428,202,21,10831
169.450553268855,202,21,10731
169.498256882823,201,21,10741
169.546442649751,203,21,10669
169.592580786623,203,21,10671
169.641748962882,203,21,10704
169.690376284598,202,20,10685
169.740494015233,202,20,10711
169.789755784261,202,20,10651
169.837494141573,199,19,10498
169.890936262502,200,18,10380
169.942938808193,200,18,10318
169.995621560457,200,18,10218
170.049647926675,202,18,10208
170.104962374653,202,18,9933
170.158421948397,202,18,9841
170.211935790276,202,18,9728
170.26728530428,202,18,9683
170.321904592552,202,17,9618
170.378026377179,200,18,9514
170.433254803413,199,17,9365
170.488737733375,198,17,9267
170.548164866654,194,19,9177
170.599372935098,190,21,9290
170.650292139893,190,21,9508
170.697331699685,190,22,9630
170.744279819781,190,22,9783
170.79223394404,193,22,9916
170.839827583302,194,22,10020
170.88732819218,193,22,10156
170.933829594788,195,22,10238
170.98080750268,195,22,10315
171.026555449003,195,22,10344
171.073249504634,194,22,10300
171.120913265639,194,22,10466
171.166040394237,195,22,10511
171.215038945031,194,21,10521
171.263712949575,194,20,10514
171.314325418117,193,20,10424
171.361998894736,193,20,10383
171.410337093965,193,19,10342
171.462674065963,192,19,10208
171.513054905876,195,19,10143
171.563227759423,197,19,10087
171.614640509718,197,20,10025
171.664795055627,199,20,10087
171.71318352397,199,20,10095
171.764597968388,200,20,10104
171.813800571375,199,19,10033
171.864291239534,199,19,9914
171.916656920757,202,19,9828
171.971399299108,201,18,9675
172.025751722059,202,18,9616
172.077593247205,200,19,9649
172.129358478449,203,19,9626
172.179268444461,202,20,9711
172.232504842571,198,19,9712
172.28297111394,197,20,9703
172.335703334815,197,19,9661
172.386966581305,200,19,9730
172.438372969767,200,19,9787
172.489669815086,198,19,9812
172.541184918935,199,19,9868
172.59241276508,195,19,9822
172.64323376198,194,18,9739
172.695724407378,192,18,9681
172.749124107802,189,18,9632
172.802746151125,188,17,9546
172.858271397686,188,17,9454
172.912593224805,185,18,9394
172.966370932205,185,18,9400
173.021927534176,187,18,9338
173.078320500016,186,17,9380
173.133081882299,187,16,9312
173.19289454687,189,16,9140
173.251201421886,189,16,8966
173.310310059729,188,16,8882
173.368620431167,191,16,8843
173.428266076685,192,16,8692
173.488042241475,192,16,8661
173.547445919474,193,16,8684
173.607326966073,192,17,8644
173.666376088071,192,17,8686
173.724906406362,192,17,8728
173.782418379372,191,17,8677
173.840438332075,191,17,8596
173.899783333614,192,17,8531
173.958206580167,195,17,8470
174.015317537669,195,17,8511
174.073712665615,195,17,8468
174.132573950201,197,17,8494
174.190610565508,197,17,8401
174.250466716436,197,17,8408
174.313949458116,197,16,8340
174.377602614781,197,17,8334
174.438033932509,198,15,8313
174.503552058702,197,15,8193
174.566691933179,196,15,8115
174.632838093308,196,15,8008
174.697726472545,197,15,7915
174.76381764422,195,15,7800
174.832279949244,194,13,7640
174.90421685795,190,13,7452
174.978189021789,189,12,7327
175.053914881214,189,12,7121
175.131819054895,189,12,7007
175.211877676136,189,12,6869
175.295284870462,187,12,6738
175.375133274029,187,12,6685
175.453523872476,187,12,6611
175.533326774667,187,12,6485
175.615471311478,185,12,6433
175.69386896362,185,13,6364
175.770241129179,184,13,6417
175.85092120873,184,12,6433
175.931225670409,186,12,6347
176.009994062954,186,13,6311
176.087018678802,188,13,6341
176.16246429722,187,14,6356
176.234898663849,187,14,6458
176.308949695257,188,15,6529
176.378183561282,190,15,6655
176.447610299705,188,15,6795
176.514537765687,188,15,6932
176.578074481617,185,18,7125
176.639219168507,186,18,7336
176.700719323829,184,18,7535
176.761852787785,185,19,7668
176.817896608809,187,19,7838
176.87581023011,187,19,8005
176.932676224146,186,19,8141
176.989101323417,183,18,8220
177.048035206883,181,18,8285
177.105251298476,180,18,8378
177.161640205716,181,18,8471
177.217756084664,180,19,8551
177.275150230952,182,19,8679
177.327139475425,178,20,8768
177.382823373731,177,20,8876
177.436341491567,178,19,8976
177.489552293912,176,19,9076
177.542672346404,178,18,9109
177.596636866415,177,18,9108
177.652788417235,178,18,9031
177.708807743104,176,18,9079
177.762477297688,176,19,9133
177.816811129978,175,19,9123
177.874302209311,176,17,9126
177.93010522144,175,19,9221
177.983683543399,176,18,9233
178.037369037303,177,17,9137
178.095239507789,174,17,9055
178.150412194371,173,17,8992
178.20616274133,172,17,8976
178.263813878491,173,17,8919
178.32340593279,172,16,8834
178.381745532364,174,16,8752
178.441725884079,174,16,8692
178.502072061155,173,17,8704
178.560343079354,174,17,8604
178.619426352368,172,17,8582
178.679243635525,170,17,8558
178.738114761191,169,17,8520
178.797614538335,168,17,8522
178.855194538565,169,17,8519
178.913352572026,169,16,8516
178.974429412675,168,16,8386
179.036842340428,172,16,8376
179.097421471383,169,16,8362
179.157545652469,170,16,8348
179.216474431803,169,17,8311
179.275485459661,169,17,8295
179.33561321788,168,17,8232
179.393198140873,172,17,8269
179.4546449451,171,18,8309
179.511914734571,171,18,8334
179.569209114346,172,17,8441
179.627650971229,172,17,8363
179.686968730509,174,17,8428
179.742651478312,174,17,8451
179.798321883696,170,19,8482
179.852992579384,169,19,8577
179.906327164961,168,20,8706
179.957154794614,170,21,8872
180.010143082242,170,21,9046
180.059035710105,170,21,9216
180.109488755963,171,21,9333
180.159138875913,169,21,9458
180.208489029532,169,21,9637
180.256783541664,168,21,9721
180.307398871218,168,21,9837
180.357263487949,169,21,9967
180.405782268758,167,22,10050
180.454135258875,168,22,10161
180.500804035984,169,23,10269
180.546806449012,169,23,10366
180.592345264124,170,23,10437
180.639283807242,171,24,10560
180.682568438539,170,24,10784
180.72791149325,170,23,10761
180.772512985939,170,24,10835
180.816248800747,170,24,10919
180.861585878379,170,23,11018
180.906362396227,169,23,11080
180.95100630164,168,25,11135
180.991623991575,167,25,11207
181.033378538846,169,25,11287
181.074163988976,169,26,11459
181.117323247913,169,25,11570
181.15689387246,168,25,11683
181.195878001242,168,25,11709
181.236082176667,167,23,11727
181.279022856238,167,21,11649
181.324286639168,166,21,11532
181.369792689927,165,21,11427
181.415932406529,163,20,11272
181.463863674825,162,20,11105
181.511269350404,159,20,11056
181.560502521671,160,20,10965
181.607707781793,158,21,10969
181.654359516478,160,21,10941
181.699976191039,160,20,10892
181.747464397857,160,21,10898
181.795114761237,162,21,10844
181.841855765327,163,20,10795
181.889487910356,163,20,10707
181.937316324655,165,20,10631
181.986668406312,165,20,10546
182.035455799023,169,20,10432
182.085357568209,169,19,10403
182.137769291324,171,19,10351
182.189664516231,172,18,10246
182.24192281206,172,18,10052
182.295334405173,172,18,10022
182.347047509936,173,18,9885
182.398029852106,175,18,9771
182.450930484222,173,18,9707
182.505794866815,172,17,9634
182.561877153839,173,17,9567
182.61782789226,174,17,9464
182.672095750584,176,17,9472
182.730646078804,176,15,9313
182.793168076436,175,15,9073
182.853661566516,176,15,8931
182.916654228545,177,15,8768
182.980645219051,177,15,8539
183.041734813807,177,15,8395
183.104492417548,179,15,8285
183.167692451123,179,15,8145
183.232388490068,180,15,8031
183.297681816546,179,16,7998
183.358216720517,178,16,8052
183.420482769886,181,16,8047
183.48011376464,183,17,8057
183.542928976305,183,16,8045
183.606271085887,184,15,8033
183.670445066055,185,16,8070
183.732361828497,185,16,8099
183.796650760227,187,16,8186
183.858198687549,188,16,8207
183.920591420529,189,15,8211
183.985483916136,190,15,8119
184.048287250017,191,15,8087
184.110073480028,190,16,8104
184.171811794565,190,17,8148
184.233331301601,188,17,8192
184.292382874882,190,17,8260
184.351690058989,192,17,8228
184.411617253409,194,16,8277
184.473613386709,197,16,8246
184.533682582436,195,17,8239
184.593588995206,196,17,8284
184.653986095406,193,18,8347
184.713620378029,193,18,8353
184.770961855294,191,19,8470
184.824657290613,194,19,8549
184.881961802035,191,19,8759
184.935112094747,192,19,8844
184.989510712797,193,19,8925
185.047954429334,192,17,8893
185.105797961207,193,17,8880
185.167483359316,194,16,8869
185.22853386999,194,16,8806
185.288592049323,194,15,8739
185.349424560876,193,15,8603
185.413167416,192,14,8400
185.47664827186,193,14,8253
185.544509254282,191,15,8150
185.609368722582,190,15,8048
185.67349527249,187,15,7928
185.740685406178,186,14,7879
185.807842622972,186,14,7905
185.877866685737,188,13,7690
185.948477475721,187,14,7531
186.016541207302,187,14,7462
186.083687215125,187,15,7475
186.14941398337,184,15,7447
186.216189561592,185,15,7444
186.284950665941,188,15,7417
186.357166033517,189,13,7395
186.426498075111,190,13,7254
186.499911220834,190,13,7130
186.572824777804,190,14,7111
186.642679607653,189,14,7069
186.716593417307,189,13,6953
186.789683901596,190,13,6944
186.862661792417,189,14,6895
186.936920850048,188,15,6868
187.006639481872,188,14,6916
187.081942394404,191,14,6944
187.153076978999,188,13,6966
187.221293706632,187,15,6945
187.291126442711,186,15,7019
187.364019020304,187,13,7007
187.435717911462,184,14,7008
187.508151553026,183,16,6991
187.57534231767,183,15,7057
187.64255126644,182,16,7164
187.709125500339,182,17,7352
187.773505611224,182,15,7428
187.840398236598,181,15,7402
187.908988690115,184,15,7463
187.976783827096,187,15,7484
188.041579364493,186,16,7515
188.108092615942,185,15,7515
188.176838928296,184,15,7535
188.244971261408,185,15,7563
188.30796215045,182,16,7626
188.37271392137,182,15,7519
188.443064968762,182,13,7423
188.515825023961,183,13,7360
188.584828874765,186,13,7223
188.65891881514,186,13,7081
188.727517982783,184,15,7076
188.79619454584,184,15,7175
188.861594537928,185,15,7209
188.928375609618,185,15,7265
188.994853393736,186,15,7294
189.060075616453,183,15,7360
189.124900377396,182,17,7415
189.189073812999,182,17,7428
189.254235871738,183,17,7557
189.314045787592,182,18,7702
189.375028911552,181,18,7818
189.434743248253,182,18,7973
189.490598667355,180,19,8115
189.547541242749,180,19,8343
189.602956021146,179,19,8473
189.660194619994,178,19,8617
189.716610898971,177,20,8706
189.769374266688,177,20,8882
189.822937815799,178,19,8932
189.878136234822,178,20,9000
189.930479332591,176,20,9125
189.982866251481,178,20,9231
190.034355280645,178,20,9317
190.083399620296,179,20,9370
190.135158015136,179,19,9443
190.188219842903,179,19,9476
190.242229037861,179,19,9419
190.293844753647,178,19,9443
190.347623891622,178,19,9427
190.400311967074,177,20,9460
190.450433349519,177,20,9560
190.502442805005,178,19,9558
190.554642613423,179,20,9609
190.607572923442,180,20,9726
190.656870816015,181,20,9777
190.707021875756,182,20,9752
190.758050032414,183,20,9752
190.808255275623,182,21,9767
190.857618606816,183,20,9931
190.908540356017,185,19,9902
190.962005115708,184,20,9957
191.011432102742,184,20,10064
191.060228336756,182,21,10049
191.10865064739,183,21,10094
191.158585006957,182,20,10103
191.208544659382,183,19,10094
191.259150444621,184,20,10051
191.309841285149,186,20,10085
191.360617561346,186,19,10052
191.411106649438,185,19,10050
191.462606889871,184,19,10036
191.513900759874,182,19,9927
191.566336133046,181,17,9923
191.620217165145,181,17,9789
191.674352881047,181,17,9623
191.730305717585,182,17,9453
191.787139699347,183,18,9412
191.841002281866,184,18,9416
191.894859026457,184,18,9397
191.949944762392,182,18,9339
192.003551670224,183,18,9206
192.057903298751,185,18,9166
192.11449753873,186,18,9128
192.169492899654,186,18,9128
192.223800180923,185,18,9103
192.282131857001,184,17,9037
192.338829535568,184,17,8979
192.3947445136,181,19,8986
192.447503745201,181,19,9040
192.501239013682,182,19,9025
192.554332282277,181,19,9049
192.608791299408,182,19,9080
192.661437845644,184,19,9160
192.715420813223,185,19,9175
192.76867833134,186,19,9193
192.821877716845,185,19,9179
192.876939001923,182,20,9210
192.928274449999,182,21,9277
192.976393996639,182,22,9487
193.026418115783,182,22,9570
193.07562794058,182,22,9769
193.124730217078,180,22,9925
193.171312798749,181,22,10061
193.218429817753,181,22,10137
193.26738561195,181,22,10212
193.312751067871,180,21,10301
193.363074555867,181,21,10297
193.412482168548,181,21,10296
193.461908088151,184,21,10331
193.509777254673,187,21,10300
193.558994714095,190,21,10298
193.607379143158,189,21,10280
193.654281697559,188,21,10312
193.701563791914,189,22,10388
193.749045478187,188,21,10521
193.798622759996,189,20,10598
193.846221565792,188,20,10562
193.895322173762,187,20,10556
193.943220695254,186,21,10511
193.989166876499,187,21,10526
194.038314803327,188,20,10514
194.086761023521,188,20,10458
194.135810694843,189,19,10370
194.187457481273,189,19,10286
194.237391728427,189,19,10233
194.289360521149,192,19,10144
194.341351843272,192,19,10133
194.392056051037,191,20,10112
194.440802450883,191,21,10184
194.489235895012,192,21,10239
194.539060384375,191,20,10303
194.590306104542,192,20,10230
194.638261225194,191,21,10113
194.686722803265,191,21,10178
194.735929679545,191,22,10308
194.782523996494,193,22,10271
194.830737919411,192,21,10294
194.878685282683,191,20,10189
194.928191002082,189,21,10156
194.97552170202,189,21,10182
195.025944544621,188,20,10178
195.07559507686,189,20,10237
195.124708133668,190,20,10188
195.175033617954,190,20,10164
195.225887809098,188,20,10112
195.276464150378,188,20,10076
195.328682726258,189,20,10081
195.379802580016,190,20,10142
195.429758503165,191,20,10069
195.481122905838,192,19,9935
195.534144591861,194,19,9860
195.585009214348,194,20,9816
195.635410386747,195,20,9811
195.685322994627,194,21,9850
195.734888856667,196,21,9962
195.786414212917,195,20,9966
195.837414017766,193,21,9933
195.885840798835,193,20,9893
195.936639651956,193,20,9913
195.987532869763,193,20,9957
196.03847685991,195,20,9988
196.088177632371,194,20,10049
196.138133619781,192,22,10155
196.186561574064,193,22,10212
196.232802078465,193,22,10316
196.278357312331,193,23,10370
196.323276122014,194,23,10415
196.368126122561,194,23,10575
196.414508474403,193,23,10669
196.458069409314,190,24,10712
196.501467377071,192,24,10812
196.545521380923,192,24,10948
196.587893945121,190,25,11093
196.630495056202,191,25,11278
196.672304377507,190,25,11388
196.713921045107,192,25,11488
196.757726064786,192,25,11642
196.800506824912,192,25,11684
196.842564723115,191,26,11745
196.882273462154,192,26,11899
196.922048678468,190,26,11981
196.962060584643,190,26,12032
197.001475946694,187,26,12078
197.039671716776,187,26,12158
197.079388736005,187,26,12193
197.118731023435,188,27,12322
197.156501276678,188,28,12463
197.195077292378,188,28,12600
197.232210409346,187,28,12712
197.269433382579,186,29,12833
197.306679213495,186,29,13028
197.344383797138,187,29,13037
197.379735949003,187,28,13074
197.416421801747,186,28,13151
197.454482584882,186,28,13240
197.491627428678,186,28,13414
197.527635299016,188,28,13548
197.56384283872,188,28,13636
197.600949556677,184,27,13659
197.636794741064,186,27,13721
197.674021600194,186,27,13735
197.711815430884,188,27,13727
197.748819822212,188,26,13648
197.786032883343,185,26,13604
197.822418023477,185,26,13567
197.858216435684,183,27,13486
197.895127334647,185,27,13508
197.932739389683,188,27,13509
197.970998141315,188,27,13542
198.008375765132,190,26,13481
198.045254392904,190,26,13447
198.083296361153,191,26,13458
198.120166760481,195,26,13389
198.158482954699,196,26,13342
198.195217827379,195,24,13298
198.235517467686,196,24,13181
198.274869779844,196,24,13162
198.315266967485,195,24,13026
198.354862458801,196,24,12972
198.394602250312,195,24,12954
198.435446576206,198,24,12900
198.475251590877,197,24,12842
198.514283102463,199,24,12729
198.555289518786,199,24,12708
198.597480781668,198,24,12700
198.638107459968,198,23,12665
198.681193638532,197,22,12515
198.723587994805,199,21,12354
198.768708193471,200,21,12223
198.81291460564,202,21,12024
198.856682542074,202,21,11952
198.900048012247,201,21,11834
198.945836305967,202,21,11727
198.990566608133,201,22,11606
199.034868801237,204,22,11589
199.078615797436,201,24,11508
199.121609929305,200,25,11562
199.162568060402,200,25,11651
199.203420349414,198,26,11723
199.243870880168,201,25,11807
199.28299415085,204,25,11802
199.323061395575,205,25,11941
199.363805762154,208,25,11900
199.407254605378,208,23,11826
199.451967475322,207,23,11772
199.494029558284,207,23,11835
199.536261682309,208,23,11791
199.57709209601,205,26,11849
199.616446938348,205,26,11864
199.656316282727,204,27,11964
199.696084665202,203,27,12156
199.736455623852,201,26,12267
199.774791244318,203,26,12293
199.814169218646,203,26,12304
199.853981456894,202,25,12362
199.893806271537,204,25,12395
199.935486979286,199,25,12357
199.97609371726,199,25,12379
